S.No,Item Code,Product Name,MRP,Rate,Quantity(In Pcs.),Batch No,Mfg Date(dd/mm/yyyy)
1,10001,"AKIK PISHTI,10 GM",90,75,10,2345,10/10/2018
2,10018,"AKIK PISHTI,5 GM",,,,,
3,10040,"AKIK BHASMA,10 GM",,,,,
4,10057,"AKIK BHASAM,5GM",,,,,
5,10064,"ABHRAK BHASAM,10 GM.",,,,,
6,10071,"ABHRAK BHASAM,5 GM",,,,,
7,10087,"ABHRAK BHASAM,2.5 GM",,,,,
8,10094,"ABHRAK BHASAM (SHATPUTI),2.5 GM",,,,,
9,10101,"ABHRAK BHASAM (SHATPUTI),1 GM",,,,,
10,10118,"Abhrak Bhasam (Sha.puti) , 1 GM",,,,,
11,10125,"Abhrak Bhasam (Sha.puti) , 500 MG",,,,,
12,10133,"Kapardak Bhasam , 10 GM",,,,,
13,10140,"Kaharva Pishti , 2.5 GM",,,,,
14,10164,"Kashis Bhasam , 10 GM",,,,,
15,10171,"Kukudantwak Bhasam , 5 GM",,,,,
16,10194,"JAHARMOHRA KHATAI  PISHTI , 10 GM",,,,,
17,10201,"Jaharmohra Khatai Pishti , 5 GM",,,,,
18,10218,"Jaharmohra Khatai Bhasam , 10 GM",,,,,
19,10233,"Jaharmohra Khatai Bhasam , 5 GM",,,,,
20,10240,"Tankan Bhasam , 15 GM",,,,,
21,10257,"Tamra Bhasam , 5 GM",,,,,
22,10260,"TAMRA BHASAM,2.5GM",,,,,
23,10287,"Trivang Bhasam , 10 GM",,,,,
24,10294,"Trivang Bhasam , 5 GM",,,,,
25,10318,"Prawal Bhasam , 10 GM",,,,,
26,10325,"Prawal Bhasam , 5 GM",,,,,
27,10333,"Prawal Bhasam , 2.5 GM",,,,,
28,10335,"PANNA BHASMA,1 GM",,,,,
29,10336,"PANNA BHASMA,500 MG",,,,,
30,10340,"Prawal Pishti , 10 GM",,,,,
31,10357,"Prawal Pishti , 5 GM",,,,,
32,10364,"Prawal Pishti , 2.5 GM",,,,,
33,10371,"Prawal Bhasam (Chand.Puti , 10 GM",,,,,
34,10387,"Vang Bhasam , 10 GM",,,,,
35,10394,"Vang Bhasam , 5 GM",,,,,
36,10418,"Vaikrant Bhasam , 2.5 GM",,,,,
37,10425,"Mandoor Bhasam , 10 GM",,,,,
38,10433,"Mandoor Bhasam , 5 GM",,,,,
39,10440,"Madhu Mandoor Bhasam , 5 GM",,,,,
40,10457,"Mayurchandrika Bhasam , 5 GM",,,,,
41,10464,"Manikya Bhasam , 2.5 GM",,,,,
42,10471,"Manikya Bhasam , 1 GM",,,,,
43,10487,"Muktashukti Bhasam , 10 GM",,,,,
44,10494,"Muktashukti Bhasam , 5 GM",,,,,
45,10501,"Muktashukti Pishti , 10 GM",,,,,
46,10525,"Muktashukti Pishti , 5 GM",,,,,
47,10533,"Moti Bhasam , 1 GM",,,,,
48,10540,"Moti Bhasam , 500 MG",,,,,
49,10557,"Moti Bhasam No.1 , 1 GM",,,,,
50,10564,"Moti Bhasam No.1 , 500 MG",,,,,
51,10594,"Moti Pishti , 1 GM",,,,,
52,10601,"Moti Pishti , 500 MG",,,,,
53,10618,"Moti Pishti No.1 , 1 GM",,,,,
54,10625,"Moti Pishti No.1 , 500 MG",,,,,
55,10633,"Yashad Bhasam , 10 GM",,,,,
56,10657,"Ropya Bhasam , 2.5 GM",,,,,
57,10664,"Ropya Bhasam , 1 GM",,,,,
58,10671,"Ropyamakshik Bhasam , 10 GM",,,,,
59,10701,"Loha Bhasam , 10 GM",,,,,
60,10718,"Loha Bhasam , 5 GM",,,,,
61,10740,"Loha Bhasam (Shatputi) , 2.5 GM",,,,,
62,10757,"Loha Bhasam (Sha.Puti) , 1 GM",,,,,
63,10764,"Kant Loha Bhasm , 2.5 GM",,,,,
64,10771,"Shanka Bhasm , 10 GM",,,,,
65,10787,"Shanka Bhasm , 5 GM",,,,,
66,10818,"Shangeshav Pishti , 5 GM",,,,,
67,10825,"Sphatika Bhasm , 15 GM",,,,,
68,10833,"Swarn Bhasm , 1 GM",,,,,
69,10840,"Swarn Bhasm , 500 MG",,,,,
70,10857,"Swarn Bhasm , 125 MG",,,,,
71,10864,"Swarnmakshik Bhasm , 10 GM",,,,,
72,10871,"Swarnmakshik Bhasm , 5 GM",,,,,
73,10887,"Hajrulayahuda Bhasm , 10 GM",,,,,
74,10894,"Hajrulayahuda Bhasm , 5 GM",,,,,
75,10901,"Harital(Godanti)Bhasm , 10 GM",,,,,
76,10918,"Harital(godanti)Bhasm , 5 GM",,,,,
77,10925,"Chandrodaya (Anatar-Dhoom , 1 GM",,,,,
78,10940,"Chandrodaya (Bahir-Dhoom) , 2.5 GM",,,,,
79,10957,"Tamra Sindoor , 2.5 GM",,,,,
80,10964,"Tal Sindoor , 1 GM",,,,,
81,10971,"Poorn Chandrodaya , 2.5 GM",,,,,
82,11033,"Makardhwaj (Sadgun.) , 2.5 GM",,,,,
83,11040,"Makardhwaj , 2.5 GM",,,,,
84,11071,"SWARN MAKAR - D (S.K.Y.) , 40 TAB",,,,,
85,11087,"SWARN MAKAR - D (S.K.Y.) , 8 TAB",,,,,
86,11092,"SIDHA MAKARDHAWAJ (S.M.A.Y.),25 TAB",,,,,
87,11094,"Sidha Makardhawaj (S.M.A.Y.) , 10 TAB",,,,,
88,11101,"Sidha Makardhawaj (S.M.A.Y.) , 5 TAB",,,,,
89,11118,"Sidha Makardhawaj (Ordy.) , 2.5 GM",,,,,
90,11125,"Sidha Makardhawaj (Ordy.) , 1 GM",,,,,
91,11140,"Mall Sindoor , 2.5 GM",,,,,
92,11157,"Mall Sindoor , 1 GM",,,,,
93,11164,"Rajat Sindoor , 2.5 GM",,,,,
94,11171,"Ras Sindoor , 2.5 GM",,,,,
95,11187,"Ras Sindoor , 1 GM",,,,,
96,11194,"Ras Sindoor (Sadgun.) , 2.5 GM",,,,,
97,11201,"Vyadhiharan Rasayan , 2.5 GM",,,,,
98,11218,"Shila Sindoor , 2.5 GM",,,,,
99,11225,"Sameerpannag Ras , 2.5 GM",,,,,
100,11229,"SARVANG SUNDER RAS,500 MG",,,,,
101,11233,"Swarn Sindoor , 2.5 GM",,,,,
102,11240,"Swarn Sameerpannag Ras , 1 GM",,,,,
103,11257,"SWARNRAJ BANGESHWAR, 2.5 GM",,,,,
104,11264,"SWARNRAJ BANGESHWAR  , 1 GM",,,,,
105,11282,"Shodhit Shilajeet , 10 GM",,,,,
106,11294,"Shodhit Gandhak , 10 GM",,,,,
107,20025,"Agnikumar Ras , 80 TAB",,,,,
108,20035,"Agnisandeepan Ras , 80 TAB",,,,,
109,20068,"ATUL SHAKTIDATA YOGA , 2.5 GM",,,,,
110,20087,"Amar Sundari Bati , 40 TAB",,,,,
111,20094,"Ameer Ras , 2.5 GM",,,,,
112,20110,"Arshkuthar Ras , 40 TAB",,,,,
113,20120,"ARSHKUTHAR RAS,20TAB STR",,,,,
114,20130,"Ashwakanchuki Ras , 5 GM",,,,,
115,20145,"Anand Bhairav Ras(Jwar) , 80 TAB",,,,,
116,20160,"Anand Bhairav Ras(Jwar) , 40 TAB",,,,,
117,20167,"Anand Bhairav Ras(Jwar) , 20 TAB",,,,,
118,20180,"Anand Bhairav Ras(Kas) , 80 TAB",,,,,
119,20190,"Anand Bhairav Ras(Kas) , 40 TAB",,,,,
120,20198,"AMVATARI RAS , 40 TAB",,,,,
121,20201,"AROGYAVARDHINI BATI,80TAB",,,,,
122,20203,"AROGYAVARDHINI BATI,250 TAB",,,,,
123,20218,"AROGYAVARDHINI BATI,40TAB",,,,,
124,20225,"AROGYAVARDHINI BAT,20TAB-STR",,,,,
125,20235,"ICHHABHEDI RAS(JAYPAL YUK), 10 GM",,,,,
126,20245,"ICHHABHEDI RAS (JAYPAL YU), 5 GM",,,,,
127,20270,"Unmadgaj Keshri Ras , 5 GM",,,,,
128,20275,"Ekangveer Ras , 40 TAB",,,,,
129,20294,"Ekangveer Ras , 20 TAB",,,,,
130,20320,"Kafkartari Ras , 10 GM",,,,,
131,20330,"Kafkartari Ras , 5 GM",,,,,
132,20335,"Kafkuthar Ras , 80 TAB",,,,,
133,20357,"Kafkuthar Ras , 40 TAB",,,,,
134,20365,"Kafketu Ras , 10 GM",,,,,
135,20375,"Kafketu Ras , 5 GM",,,,,
136,20390,"Kafchintamani Ras , 20 TAB",,,,,
137,20420,"A-Karpur Ras , 2.5 GM",,,,,
138,20445,"Kalptaru Ras , 5 GM",,,,,
139,20518,"Kasturi Bhairav Ras Br.(S.M.A. , 10 TAB",,,,,
140,20525,"Kasturi Bhairav Ras Br.(S.M.A. , 5 TAB",,,,,
141,20535,"Kamdudha Ras (M.Yu.) , 50 TAB",,,,,
142,20545,"Kamdudha Ras (M.Y.) , 25 TAB",,,,,
143,20560,"kamdudha Ras (M.Y.) , 10 TAB",,,,,
144,20570,"Kamdudha Ras (Ordy.) , 10 GM",,,,,
145,20575,"Kamdudha Ras (Ordy.) , 5 GM",,,,,
146,20590,"Kamdhenu Ras , 10 GM",,,,,
147,20620,"A-Kaminividravana Ras(K.Y , 5 GM",,,,,
148,20625,"Kumar Kalyan Ras (Sw.Mo.Yu.) , 10 TAB",,,,,
149,20633,"Kumar Kalyan Ras (Sw.Mo.Yu.) , 5 TAB",,,,,
150,20645,"Kravyad Ras , 20 TAB",,,,,
151,20670,"KRIMIKUTHAR RAS , 80 TAB",,,,,
152,20675,"KRIMIKUTHAR RAS , 40 TAB",,,,,
153,20690,"KRIMIMUDGAR RAS , 40 TAB",,,,,
154,20700,"Khanjanikari Ras , 5 GM",,,,,
155,20705,"KALYAN SUNDER RAS,500 MG",,,,,
156,20742,"GANDHAK RASYAN,250 TAB",,,,,
157,20744,"Gandhak Rasyan , 40 TAB",,,,,
158,20765,"GANDHAK RASYAN ,20TAB-STR",,,,,
159,20771,"Garbhachintamani Ras(Sw.Yu.) , 25 TAB",,,,,
160,20787,"Garbhachintamani Ras(Sw.Yu.) , 10 TAB",,,,,
161,20794,"Garbhachintamani Ras(Sw.Yu.) , 5 TAB",,,,,
162,20805,"Garbhpal Ras , 80 TAB",,,,,
163,20820,"Garbhpal Ras , 40 TAB",,,,,
164,20845,"Gulmkalanal Ras , 40 TAB",,,,,
165,20860,"Gulmkalanal Ras , 20 TAB",,,,,
166,20864,"Chaturbhuj Ras(Sw.Am.Yu.) , 1 GM",,,,,
167,20871,"Chaturbhuj Ras(Sw.Am.Yu.) , 500 MG",,,,,
168,20887,"Chaturmukh Ras(Sw.Yu.) , 10 TAB",,,,,
169,20890,"CHANDRA SEKHAR RAS,1 GM",,,,,
170,20905,"Chandrakla Ras(Mo.Yu.) , 40 TAB",,,,,
171,20920,"Chandrakla Ras(Mo.Yu.) , 20 TAB",,,,,
172,20928,"CHANDRAKANT RAS,80 TAB",,,,,
173,20935,"CHANDRANSU RAS, 40 TAB",,,,,
174,20945,"Chandramrit Ras , 40 TAB",,,,,
175,20964,"CHANDRAMRIT RAS ,20TAB",,,,,
176,20971,"Chintamani Chatur.Ras(Sw.Mo.Am , 10 TAB",,,,,
177,21001,"Chintamani Ras (Sw.Mo.Am.Yu.) , 10 TAB",,,,,
178,21020,"Chousathprahari Pipal , 10 GM",,,,,
179,21030,"Chousathprahari Pipal , 5 GM",,,,,
180,21040,"Jayamangal Ras (Sw.Yu.) , 5 TAB",,,,,
181,21057,"JAWAHARMOHRA  NO.1 , 10 TAB",,,,,
182,21064,"JAWAHARMOHRA NO.1 , 5 TAB",,,,,
183,21100,"Jwarankush Ras , 80 TAB",,,,,
184,21105,"Tarkeshwar Ras , 20 TAB",,,,,
185,21120,"Talkeshwar Ras , 5 GM",,,,,
186,21130,"Tribhuvankirti Ras , 80 TAB",,,,,
187,21135,"Tribhuvankirti Ras , 40 TAB",,,,,
188,21140,"Trilokyachintamani Ras(Sw.Mo.Y , 10 TAB",,,,,
189,21157,"Trilokyachintamani Ras(Sw.Mo.Y , 5 TAB",,,,,
190,21170,"DANTODBHEDGADANTAK RAS , 80 TAB",,,,,
191,21190,"Nashtpuspantak Ras , 80 TAB",,,,,
192,21195,"Nashtpuspantak Ras , 40 TAB",,,,,
193,21206,"Nagarjunabhra Ras , 20 TAB",,,,,
194,21230,"Nityanand Ras (Ta.Yu.) , 40 TAB",,,,,
195,21235,"Nityanand Ras (Ta.Yu.) , 20 TAB",,,,,
196,21245,"Nripatiballabh Ras , 80 TAB",,,,,
197,21258,"Peeyush Balli Ras (Ta.Bh. , 10 GM",,,,,
198,21265,"B-Pushpadhanwa Ras , 5 GM",,,,,
199,21271,"Poornchandra Ras(Sw.Yu.) , 25 TAB",,,,,
200,21287,"Poornchandra Ras(Sw.Yu.) , 10 TAB",,,,,
201,21300,"Poornchandra Ras(Ord.) , 40 TAB",,,,,
202,21305,"Prataplankeshwar Ras , 20 TAB",,,,,
203,21320,"Prataplankeshwar Ras , 10 TAB",,,,,
204,21330,"PRADARANTAK RAS , 80 TAB",,,,,
205,21335,"PRADARANTAK RAS , 40 TAB",,,,,
206,21345,"Pradarripu Ras , 80 TAB",,,,,
207,21357,"Prawal Panchamrit Ras (Mo , 25 TAB",,,,,
208,21364,"Prawal Panchamrit Ras (Mo , 10 TAB",,,,,
209,21371,"Bangeshwar Ras Bri.(Sw.Mo.Yu.) , 25 TAB",,,,,
210,21387,"Bangashwar Ras Bri.(Sw.Mo.Yu.) , 10 TAB",,,,,
211,21405,"Bangashwar Ras (Ord.) , 40 TAB",,,,,
212,21410,"BASANT TILAK RAS,1 GM",,,,,
213,21415,"BASANTKUSUMAKAR RAS(S.M.A.Y),50 TAB",,,,,
214,21418,"BASANTKUSUMAKAR RAS S.M.U., 25 TAB",,,,,
215,21425,"BASANTKUSUMAKAR RAS S.M.U., 10 TAB",,,,,
216,21433,"BASANTKUSUMAKAR RAS S.M.U., 5 TAB",,,,,
217,21457,"Basantmalti Ras , 25 TAB",,,,,
218,21464,"Basantmalti Ras , 10 TAB",,,,,
219,21471,"BASANTMALTI RAS , 05 TAB",,,,,
220,21530,"Balrogantak Ras , 5 GM",,,,,
221,21590,"Balark Ras (Ord.) , 5 GM",,,,,
222,21600,"Bolbaddh Ras , 80 TAB",,,,,
223,21605,"Bolbaddh Ras , 40 TAB",,,,,
224,21625,"Makardhwaj Gutika(Sw.Ke.Go.Yu. , 2.5 GM",,,,,
225,21633,"Makardhwaj Gutika(Sw.Ke.Go.Yu. , 1 GM",,,,,
226,21645,"Manmath Ras , 40 TAB",,,,,
227,21647,"MANMATH RAS BILISTER,20TAB",,,,,
228,21665,"Mahagandhak Ras , 40 TAB",,,,,
229,21675,"MAHAJWARANKUSH RAS , 80 TAB",,,,,
230,21690,"MAHAJWARANKUSH RAS , 40 TAB",,,,,
231,21700,"Mahamrityunjaya Ras , 2.5 GM",,,,,
232,21701,"Mahalaxmivilas Ras(Sw.Yu.) , 25 TAB",,,,,
233,21718,"Mahalaxmivilas Ras(sw.Yu.) , 10 TAB",,,,,
234,21735,"MAHALAXMIVILAS RAS(MAHASHIR , 40 TAB",,,,,
235,21745,"Mahavatvidhwansan Ras , 80 TAB",,,,,
236,21760,"Mahavatvidhwansan Ras , 40 TAB",,,,,
237,21771,"Mahamrigank Ras(Sw.Mo.Yu.) , 10 TAB",,,,,
238,21787,"Mahamrigank Ras(Sw.Mo.Yu.) , 5 TAB",,,,,
239,21794,"Muktapanchamrit Ras (Mo.Y , 10 TAB",,,,,
240,21801,"Muktapanchamrit Ras (Mo.Y , 5 TAB",,,,,
241,21818,"Mrigank Ras(Sw.Mo.yu.) , 1 GM",,,,,
242,21825,"Mrigank Ras(Sw.mo.Yu.) , 500 MG",,,,,
243,21835,"Mrityunjaya Ras , 40 TAB",,,,,
244,21838,"YOGENDRA RAS(SW.MO.YU.),25 TAB",,,,,
245,21840,"Yogendra Ras(Sw.Mo.Yu.) , 10 TAB",,,,,
246,21857,"Yogendra Ras(Sw.Mo.Yu.) , 5 TAB",,,,,
247,21860,"Yakuti Ras(Sw.Mo.Ke.Am.Yu.) , 10 TAB",,,,,
248,21864,"Yakuti Ras(Sw.Mo.Ke.Am.Yu.) , 5 TAB",,,,,
249,21890,"Raspipari Ras(Go.Yu.) , 2.5 GM",,,,,
250,21905,"Rasmanikya Ras , 10 GM",,,,,
251,21920,"Rasmanikya Ras , 5 GM",,,,,
252,21923,"RASRAJ RAS(SW.YU.),25 TAB",,,,,
253,21925,"Rasraj Ras(Sw.Yu.) , 10 TAB",,,,,
254,21933,"Rasraj Ras(Sw.Yu.) , 5 TAB",,,,,
255,21940,"Rajmrigank Ras(Sw.Yu.) , 10 TAB",,,,,
256,21957,"Rajmrigank Ras(Sw.Yu.) , 5 TAB",,,,,
257,21965,"Ramban Ras , 80 TAB",,,,,
258,21975,"Laghumalnibasant Ras , 40 TAB",,,,,
259,22000,"Laxmivilas Ras (Nardiya) , 40 TAB",,,,,
260,22018,"LAXMIVILAS RAS (NARDIYA) , STRIP 20 TAB",,,,,
261,22045,"Laxmivilas Ras (Kash) , 40 TAB",,,,,
262,22060,"Lilavilas Ras , 40 TAB",,,,,
263,22075,"Loknath Ras(Brihat) , 5 GM",,,,,
264,22087,"Vatkulantak Ras Bri.(Am.Y , 25 TAB",,,,,
265,22094,"Vatkulantak Ras Bri.(Am.Y , 10 TAB",,,,,
266,22101,"Vatkulantak Ras Bri.(Am.Y , 5 TAB",,,,,
267,22113,"VATCHINTAMANI RAS(SW.MO.YU.),50 TAB",,,,,
268,22118,"Vatchintamani Ras(Sw.Mo.Yu.) , 25 TAB",,,,,
269,22125,"Vatchintamani Ras(Sw.Mo.Yu.) , 10 TAB",,,,,
270,22133,"Vatchintamani Ras(Sw.Mo.Yu.) , 5 TAB",,,,,
271,22145,"Vatgajankush Ras , 80 TAB",,,,,
272,22160,"Vatgajankush Ras , 40 TAB",,,,,
273,22165,"Vatvidhvansan Ras , 80 TAB",,,,,
274,22175,"Vatari Ras , 10 GM",,,,,
275,22194,"B-Shakravallabha Ras (Sw.Yu.) , 2.5 GM",,,,,
276,22201,"B-Shakravallabha Ras (Sw.Yu.) , 1 GM",,,,,
277,22235,"Shoolgajkesari Ras , 5 GM",,,,,
278,22246,"Shirashuladivajra Ras , 40 TAB",,,,,
279,22261,"SHIRASHULADIVAJRA RAS , STRIP 20 TAB",,,,,
280,22265,"Shirangrabhra Ras , 40 TAB",,,,,
281,22275,"Shirangrabhra Ras , 20 TAB",,,,,
282,22286,"SHWASKUTHAR RAS,250 TAB",,,,,
283,22288,"Shwaskuthar Ras,10 TAB",,,,,
284,22290,"SWASKUTHAR RAS , 80 TAB",,,,,
285,22300,"Shwaskuthar Ras , 40 TAB",,,,,
286,22301,"Swaschintamani Ras(Bri.) , 25 TAB",,,,,
287,22318,"Swaschintamani Ras(Bri.) , 10 TAB",,,,,
288,22325,"Swaschintamani Ras(Bri.) , 5 TAB",,,,,
289,22345,"SMRTISAGAR RAS(TA.BH.YU.) , 80 TAB",,,,,
290,22360,"SMRTISAGAR RAS(TA.BH.YU.) , 40 TAB",,,,,
291,22365,"Siddhpranaiswar Ras , 80 TAB",,,,,
292,22394,"Swarnmalinibasant Ras(Bri.) , 25 TAB",,,,,
293,22401,"Swarnmalinibasant Ras(Bri.) , 10 TAB",,,,,
294,22418,"Swarnmalinibasant Ras(Bri.) , 5 TAB",,,,,
295,22457,"Sutshekhar Ras No.1 (Sw.yu.) , 25 TAB",,,,,
296,22464,"Sutshekhar Ras No.1 (Sw.Yu.) , 10 TAB",,,,,
297,22490,"Sutshekhar Ras , 40 TAB",,,,,
298,22495,"SUTSHEKHAR RAS , STRIP20 TAB",,,,,
299,22520,"SUTIKABHARAN RAS,500 MG",,,,,
300,22571,"Somnath Ras Bri.(Sw.Yu.) , 10 TAB",,,,,
301,22590,"Somnath Ras , 80 TAB",,,,,
302,22595,"HEMGRABHA POTTALI(SW.Y), 5 TAB",,,,,
303,22605,"HIRDYARANVA RAS,80 TAB",,,,,
304,22607,"HRIDYARANVA RAS,40 TAB",,,,,
305,22613,"SUWARNABHUPATI RAS (SW.Y.),8 TAB",,,,,
306,22660,"Sheetpitbhanjan Ras , 10 GM",,,,,
307,22664,"Amlapittantak Loha , 40 TAB",,,,,
308,22687,"TAPYADI LOHA NO.1{BLISTER},20TAB",,,,,
309,22764,"Dhatri Loha , 40 TAB",,,,,
310,22771,"DHATRI LOHA ,20 TAB",,,,,
311,22787,"Navayas loha , 40 TAB",,,,,
312,22794,"NAVAYAS LOHA,20 TAB",,,,,
313,22818,"Pradrantak Loha , 40 TAB",,,,,
314,22825,"PRADRANTAK LOHA(BLSTR),20 TAB",,,,,
315,22840,"Punarnvadi Mandur , 40 TAB",,,,,
316,22845,"PUNARNVADI MANDUR , STRIP 20 TAB",,,,,
317,22871,"Medoharvidangadi Loha , 40 TAB",,,,,
318,22894,"Vishamjwarantak Loha(Sw.Mo.Yu. , 10 TAB",,,,,
319,22901,"Vishamjwarantak Loha(Sw.Mo.Yu. , 5 TAB",,,,,
320,22925,"Shilajitwadi Loha , 40 TAB",,,,,
321,22933,"Shothari Loha , 40 TAB",,,,,
322,22940,"SHOTHARI LOHA(BLSTR),20 TAB",,,,,
323,22957,"Shothari Mandur , 40 TAB",,,,,
324,22965,"Saptamrit Loha , 40 TAB",,,,,
325,22971,"SAPTAMRIT LOHA,20TAB",,,,,
326,22994,"Sarvjwarhar Loha(Sw.Yu.) , 10 TAB",,,,,
327,23001,"Sarvjwarhar Loha(Sw.Yu.) , 5 TAB",,,,,
328,23018,"Sarvjwarhar Loha , 40 TAB",,,,,
329,30005,"AGNITUNDI BATI,80TAB",,,,,
330,30020,"AGNITUNDI BATI ,40TAB",,,,,
331,30025,"Agnivardhak Bati , 30 GM",,,,,
332,30035,"Arshoghani Bati , 40 TAB",,,,,
333,30045,"ARSHOGHANI BATI ,20 TAB STR",,,,,
334,30062,"Eladi Bati , 10 GM",,,,,
335,30071,"Eladi Bati , 5 GM",,,,,
336,30089,"Karpuradi Bati , 10 GM",,,,,
337,30092,"KANTH SUDHARAK BATI , 6 GM",,,,,
338,30105,"KANKAYAN BATI (GULAM) , 40 TAB",,,,,
339,30120,"Kankayan Bati (Arsh) , 40 TAB",,,,,
340,30128,"KUTJGHAN BATI,250 TAB",,,,,
341,30130,"Kutjghan Bati , 40 TAB",,,,,
342,30136,"Khadiradi Bati , 10 GM",,,,,
343,30160,"khadiradi Bati , 5 GM",,,,,
344,30190,"Chandanadi Bati , 10 GM",,,,,
345,30200,"Chandanadi Bati , 5 GM",,,,,
346,30201,"Chandraprabha Bati , 80 TAB",,,,,
347,30218,"Chandraprabha Bati , 40 TAB",,,,,
348,30225,"Chandraprabha Bati , 20 TAB",,,,,
349,30230,"Chitrakadi Bati , 80 TAB",,,,,
350,30233,"Chitrakadi Bati , 40 TAB",,,,,
351,30236,"GUDICHI (GILOY) GHAN BATI,60 TAB",,,,,
352,30260,"A-Jatiphaladi Bati(Sta.) , 5 GM",,,,,
353,30295,"Prabhakar Bati , 80 TAB",,,,,
354,30300,"PRABHAKAR BATI , STRIP 20 TAB",,,,,
355,30305,"MUGDHA RAS, 60 TAB",,,,,
356,30320,"Pranda Gutika , 40 TAB",,,,,
357,30330,"Pilihari Bati , 10 GM",,,,,
358,30335,"BRAHMI BATI(SW.MO.KE.YU.,25 TAB",,,,,
359,30340,"Brahmi Bati(Sw.Mo.Ke.Yu.) , 10 TAB",,,,,
360,30357,"Brahmi Bati (Sw.Mo.Ke.Yu.) , 5 TAB",,,,,
361,30360,"Brahmi Bati (Buddhi Wardhak) , 80 TAB",,,,,
362,30365,"BRAHMI BATI (BUDDHI WARDH,STR 20 TAB",,,,,
363,30387,"Makardhwaja Bati (Am.Yu.) , 5 GM",,,,,
364,30394,"Makardhwaja Bati (Am.Yu.) , 2.5 GM",,,,,
365,30403,"MADHU MEHARI YOG(SW.YU.),30TAB",,,,,
366,30420,"Marichyadi Bati , 10 GM",,,,,
367,30431,"Mahashankh Bati , 40 TAB",,,,,
368,30445,"MAHASHANKH BATI ,20TAB STR",,,,,
369,30457,"Muktadi Bati(Sw.Mo.Ke.Go.Yu.) , 10 TAB",,,,,
370,30464,"Muktadi Bati(Sw.Mo.Ke.Go.Yu.) , 5 TAB",,,,,
371,30475,"MEHAMUDGAR BATI , 40 TAB",,,,,
372,30492,"Rajahpravartani Bati , 80 TAB",,,,,
373,30494,"RAJHAPRAVARTANI BATI , STRIP 20 TAB",,,,,
374,30501,"Raj Gandhak Bati , 60 TAB",,,,,
375,30521,"Lawangadi Bati , 10 GM",,,,,
376,30531,"Lawangadi Bati , 5 GM",,,,,
377,30533,"Lashunadi Bati , 80 TAB",,,,,
378,30540,"Lashunadi Bati , 40 TAB",,,,,
379,30545,"VIRYA SHODHAN BATI,60 TAB",,,,,
380,30560,"VRIDDHIVADHIKA BATI,80TAB",,,,,
381,30565,"VRIDDHI VADHIKA BATI , 20 STR",,,,,
382,30590,"Vyoshadi Bati , 10 GM",,,,,
383,30593,"SHANKHA BATI , 80 TAB",,,,,
384,30596,"SHANKHA BATI , 40 TAB",,,,,
385,30597,"SHANKHA BATI ,20 TAB",,,,,
386,30618,"Shilajitwadi Bati(Sw.Yu.) , 10 TAB",,,,,
387,30625,"Shilajitwadi Bati (Sw.Yu.) , 5 TAB",,,,,
388,30635,"SHILAJITWADI BATI(ORD.),20 TAB",,,,,
389,30660,"SHUKRAMATRIKA BATI , 40 TAB",,,,,
390,30665,"Shulvarjini Bati , 40 TAB",,,,,
391,30690,"SHULVARJINI BATI , STRIP 20 TAB",,,,,
392,30694,"Sarvdosantak Gutika , 25 TAB",,,,,
393,30720,"SANJIVANI BATI,80 TAB",,,,,
394,30733,"SANJIVANI BATI ,40 TAB",,,,,
395,30745,"SANSHAMANI BATI ,20 TAB",,,,,
396,30747,"SANSHAMANI BATI(STRIP),10TAB",,,,,
397,30760,"B-Sarpagandhaghan Bati , 10 GM",,,,,
398,30764,"Sarpagandha Tab. , 50 TAB",,,,,
399,30775,"Sarivadi Bati , 80 TAB",,,,,
400,30780,"SARIVADI BATI , STRIP 20 TAB",,,,,
401,30794,"Kshudakari Bati , 30 GM",,,,,
402,40001,"Panchamrit Parpati , 10 GM",,,,,
403,40018,"Panchamrit Parpati , 5 GM",,,,,
404,40040,"Vijay Parpati (Sw.Mo.Yu.) , 1 GM",,,,,
405,40057,"Bol Parpati , 5 GM",,,,,
406,40064,"Ras Parpati , 5 GM",,,,,
407,40087,"Shweta Parpati , 10 GM",,,,,
408,40101,"Swarna Parpati(Sw.Yu.) , 1 GM",,,,,
409,40118,"KANCHANAR GUGGULU , 80 TAB.",,,,,
410,40125,"KAISHOR GUGGULU , 80 TAB.",,,,,
411,40126,"KAISHOR GUGGULU,40TAB",,,,,
412,40134,"GOKSHURADI GUGGULU,80TAB",,,,,
413,40135,"GOKSHURADI GUGGULU,40TAB",,,,,
414,40141,"TRYODASHANG GUGGULU,80TAB",,,,,
415,40158,"TRIPHALA GUGGULU,80TAB",,,,,
416,40159,"TRIPHALA GUGGULU,40TAB",,,,,
417,40165,"PUNARNAVADI GUGGULU,80TAB",,,,,
418,40166,"Mahayograj Guggulu , 40 TAB",,,,,
419,40171,"MAHAYOGRAJ GUGGULU,STRIP 20 TAB",,,,,
420,40187,"Mahayograj Guggulu , 10 TAB",,,,,
421,40189,"MEDOHAR GUGGULU, 120 TAB",,,,,
422,40194,"Yograj Guggulu , 120 TAB",,,,,
423,40198,"YOGRAJ GUGGULU,500 TAB",,,,,
424,40201,"Yograj Guggulu , 60 TAB",,,,,
425,40219,"RASANADI GUGGULU,80TAB",,,,,
426,40226,"LAXADI GUGGULU,80TAB",,,,,
427,40227,"LAXADI GUGGULU,40TAB",,,,,
428,40233,"SAPTVISANTI GUGGULU , 80 TAB",,,,,
429,40241,"SINGNAD GUGGULU,80TAB",,,,,
430,40242,"SINGNAD GUGGULU,40TAB",,,,,
431,40257,"SWARNA MAHAYOG  GUGUGLU, 25 TAB",,,,,
432,40264,"SWARNA MAHAYOG GUGGULU, 10 TAB",,,,,
433,50001,"Agnimukh Churan , 60 GM",,,,,
434,50018,"Agnimukh Churan , 30 GM",,,,,
435,50025,"AVIPATTIKAR CHURAN,120 GM",,,,,
436,50033,"AVIPATTIKAR CHURAN,60 GM",,,,,
437,50040,"ASHWAGANDHADI CHURAN,100 GM",,,,,
438,50057,"Ashwagandhadi Churan , 50 GM",,,,,
439,50087,"Bilvadi Churan , 60 GM",,,,,
440,50094,"Chopchinyadi Churan , 60 GM",,,,,
441,50101,"Dhatupaushtik Churan , 100 GM",,,,,
442,50118,"Dhatupaushtik Churan , 50 GM",,,,,
443,50133,"B-GANGADHAR CHURAN , 60 GM",,,,,
444,50140,"Hingvastak Churan , 60 GM",,,,,
445,50157,"Hingvastak Churan , 30 GM",,,,,
446,50158,"Deen Dayal Churan , 100 GM",,,,,
447,50198,"Lavan Bhaskar Churan , 500 GM",,,,,
448,50201,"Lavan Bhaskar Churan , 120 GM",,,,,
449,50218,"Lavan Bhaskar Churan , 60 GM",,,,,
450,50224,"MAHASUDARSAN CHURAN,500 GM",,,,,
451,50225,"Mahasudarsan Churan , 100 GM",,,,,
452,50233,"Mahasudarsan Churan , 50 GM",,,,,
453,50240,"Mahasudarsan Churan , 25 GM",,,,,
454,50257,"Narayan Churan , 60 GM",,,,,
455,50264,"Panchasakar Churan , 100 GM",,,,,
456,50271,"Panchasakar Churan , 50 GM",,,,,
457,50287,"Pradarnasak Churan , 60 GM",,,,,
458,50294,"Pushyanug Churan , 60 GM",,,,,
459,50301,"Shatavaryadi Churan , 60 GM",,,,,
460,50318,"Saraswat Churan , 60 GM",,,,,
461,50324,"SITOPHALADI CHURAN,500GM",,,,,
462,50325,"Sitophaladi Churan , 30 GM",,,,,
463,50331,"CHITRAK HARITAKI AVALEHE,100 GM",,,,,
464,50333,"Sitophaladi Churan , 60 GM",,,,,
465,50336,"Sitophaladi Churan , 120 GM",,,,,
466,50340,"Talishadi Churan , 60 GM",,,,,
467,50344,"TRIPHALA CHURAN,1KG",,,,,
468,50345,"Triphala Churan , 500 GM",,,,,
469,50357,"TRIPHALA CHURAN   , 100 GM",,,,,
470,50364,"TRIPHALA CHURAN    , 50 GM",,,,,
471,50387,"Agastya Hariteki , 50 GM",,,,,
472,50401,"Erand Pak , 100 GM",,,,,
473,50425,"Kanthkaryavalehe , 50 GM",,,,,
474,50438,"KUTAJAVALEHA (AVALEHA),100 GM",,,,,
475,50440,"KUTAJAVALEHA , 50 GM",,,,,
476,50445,"KONCH PAK FORTE, 100 GM",,,,,
477,50457,"CHYAWANPRASH AVALEHA ,1 KG",,,,,
478,50464,"CHYAWANPRASH AVALEHA,500 GM",,,,,
479,50471,"CHYAWANPRASH AVALEHA,250 GM",,,,,
480,50487,"Chyawanprash-Avaleha(Spl) , 2 KG",,,,,
481,50490,"Chyawanprash-Avaleha(Spl) , 1 KG",,,,,
482,50501,"Chyawanprash-Avaleha(Spl) , 500 GM",,,,,
483,50518,"Chyawanprash-Avaleha(Spl) , 250 GM",,,,,
484,50533,"Chitrak Haritaki , 50 GM",,,,,
485,50535,"DADIMAVALEHA, 200 ML",,,,,
486,50540,"Drakshavaleha , 250 GM",,,,,
487,50583,"VASAVALEHA (AVLEH),100GM",,,,,
488,50587,"Vasavaleha , 100 GM",,,,,
489,50601,"Badam Pak , 100 GM",,,,,
490,50618,"Badam Pak , 50 GM",,,,,
491,50640,"Musli Pak , 100 GM",,,,,
492,50657,"Supari Pak Bri. , 250 GM",,,,,
493,50687,"Supari Pak Bri. , 100 GM",,,,,
494,50701,"Sowbhagya Sunthi Pak , 100 GM",,,,,
495,50715,"Haridrakhandh Bri. , 100 GM",,,,,
496,50725,"Haridrakhandh Bri. , 50 GM",,,,,
497,50740,"Haritaki Khand , 50 GM",,,,,
498,60001,"Irimedadi Tel , 50 ML",,,,,
499,60018,"Kasishadi Tel , 50 ML",,,,,
500,60025,"Chandanbalakshadi Tel , 50 ML",,,,,
501,60040,"Chalmungra Tel , 50 ML",,,,,
502,60057,"Chalmungra Tel , 25 ML",,,,,
503,60064,"Jatyadi Tel , 50 ML",,,,,
504,60071,"Nirgundi Tel , 50 ML",,,,,
505,60087,"NEEM TEL, 50 ML",,,,,
506,60094,"Prasarini Tel , 50 ML",,,,,
507,60118,"Punarnavadi Tel , 50 ML",,,,,
508,60133,"Brahmi Tel , 50 ML",,,,,
509,60140,"Bilva Tel , 25 ML",,,,,
510,60157,"Vishnu Tel(Ke.Yu.) , 25 ML",,,,,
511,60164,"Malla Tel(Ke.YU.) , 5 ML",,,,,
512,60187,"Mahamarichyadi Tel , 50 ML",,,,,
513,60194,"Mahachandanadi Tel(Ke.Yu. , 50 ML",,,,,
514,60201,"Mahavishgarbha Tel , 100 ML",,,,,
515,60218,"Mahavishgarbha Tel , 50 ML",,,,,
516,60220,"Mahanarayan Tel, 200 ML",,,,,
517,60225,"Mahanarayan Tel , 100 ML",,,,,
518,60233,"Mahanarayan Tel , 50 ML",,,,,
519,60238,"MAHABHRANGARAJ TEL,450ML",,,,,
520,60240,"MAHABHRANGARAJ TEL,200 ML",,,,,
521,60257,"Mahabhrangaraj Tel , 100 ML",,,,,
522,60264,"Mahabhrangaraj Tel , 50 ML",,,,,
523,60271,"Mahamash Tel , 100 ML",,,,,
524,60287,"Mahamash Tel , 50 ML",,,,,
525,60294,"Mahalakshadi Tel , 50 ML",,,,,
526,60301,"Shrigopal Tel (Ke.Am.Yu.) , 50 ML",,,,,
527,60303,"SHRIGOPAL TEL (KE.AM.YU.),30ML",,,,,
528,60318,"Shrigopal Tel (Ke.Am.Yu.) , 10 ML",,,,,
529,60333,"Shadbindu Tel , 50 ML",,,,,
530,60340,"Shadbindu Tel , 25 ML",,,,,
531,60357,"SAINDHVADI TEL, 50 ML",,,,,
532,60364,"Somraji Tel , 50 ML",,,,,
533,60387,"Kshar Tel , 25 ML",,,,,
534,60501,"Arjun Ghrit , 100 GM",,,,,
535,60510,"ASHWAGANDHADI GHRIT,100GM",,,,,
536,60525,"Triphala Ghrit , 100 GM",,,,,
537,60540,"Phalkalyan Ghrit , 100 GM",,,,,
538,60557,"Brahmi Ghrit , 100 GM",,,,,
539,60564,"Ashokarishta,680 ML",,,,,
540,60571,"Ashokarishta , 450 ML",,,,,
541,60588,"Ashokarishta , 225 ML",,,,,
542,60594,"Arjunarishta , 680 ML",,,,,
543,60601,"Arjunarishta , 450 ML",,,,,
544,60619,"Arjunarishta , 225 ML",,,,,
545,60625,"Abhayarishta , 680 ML",,,,,
546,60633,"Abhayarishta , 450 ML",,,,,
547,60641,"Abhayarishta , 225 ML",,,,,
548,60657,"Amritarishta , 680 ML",,,,,
549,60664,"Amritarishta , 450 ML",,,,,
550,60672,"Amritarishta , 225 ML",,,,,
551,60688,"Arvindasava , 225 ML",,,,,
552,60694,"Ashwagandharishta , 680 ML",,,,,
553,60701,"Ashwagandharishta , 450 ML",,,,,
554,60719,"Ashwagandharishta , 225 ML",,,,,
555,60725,"Usirasava , 450 ML",,,,,
556,60734,"Usirasava , 225 ML",,,,,
557,60736,"KALMEGHASAVA , 450 ML",,,,,
558,60740,"Kankasava , 680 ML",,,,,
559,60757,"Kankasava , 450 ML",,,,,
560,60765,"Kankasava , 225 ML",,,,,
561,60771,"Kutjarishta , 680 ML",,,,,
562,60787,"Kutjarishta , 450 ML",,,,,
563,60795,"Kutjarishta , 225 ML",,,,,
564,60801,"Kumari Asava , 680 ML",,,,,
565,60818,"Kumari Asava , 450 ML",,,,,
566,60826,"Kumari Asava , 225 ML",,,,,
567,60835,"Kumari Asava No.3 , 200 ML",,,,,
568,60857,"Khadirarishta , 680 ML",,,,,
569,60864,"Khadirarishta , 450 ML",,,,,
570,60872,"Khadirarishta , 225 ML",,,,,
571,60887,"Chandanasava , 680 ML",,,,,
572,60894,"Chandanasava , 450 ML",,,,,
573,60902,"Chandanasava , 225 ML",,,,,
574,60918,"Jeerkadharishta , 450 ML",,,,,
575,60925,"Dashmularishta , 680 ML",,,,,
576,60933,"Dashmularishta , 450 ML",,,,,
577,60941,"Dashmularishta , 225 ML",,,,,
578,60957,"Drakshasava , 680 ML",,,,,
579,60964,"Drakshasava , 450 ML",,,,,
580,60972,"Drakshasava , 225 ML",,,,,
581,60990,"Drakshasava(Spl.) , 450 ML",,,,,
582,61018,"Draksharishta , 680 ML",,,,,
583,61025,"Draksharishta , 450 ML",,,,,
584,61034,"Draksharishta , 225 ML",,,,,
585,61040,"Devdarvadharishta , 450 ML",,,,,
586,61050,"Pipalyasava , 450 ML",,,,,
587,61057,"Patrangasava , 450 ML",,,,,
588,61064,"Punarnavarishta , 680 ML",,,,,
589,61071,"Punarnavarishta , 450 ML",,,,,
590,61088,"Punarnavarishta , 225 ML",,,,,
591,61090,"Bhringrajasava , 450 ML",,,,,
592,61094,"Balarishta , 450 ML",,,,,
593,61096,"Balarishta , 225 ML",,,,,
594,61101,"Baboolarishta , 450 ML",,,,,
595,61118,"Vasarishta , 680 ML",,,,,
596,61125,"Vasarishta , 450 ML",,,,,
597,61134,"Vasarishta , 225 ML",,,,,
598,61140,"Vidangasava , 450 ML",,,,,
599,61157,"Mahamanjishthadharishta , 680 ML",,,,,
600,61164,"Mahamanjishthadharishta , 450 ML",,,,,
601,61172,"Mahamanjishthadharishta , 225 ML",,,,,
602,61187,"Mustakarishta , 450 ML",,,,,
603,61225,"Rohitkarishta , 450 ML",,,,,
604,61240,"Lodhrasava , 450 ML",,,,,
605,61257,"Lohasava , 680 ML",,,,,
606,61264,"Lohasava , 450 ML",,,,,
607,61272,"Lohasava , 225 ML",,,,,
608,61282,"SAPTARISTHA,450 ML",,,,,
609,61287,"Saraswatarishta , 450 ML",,,,,
610,61301,"Sarivadharishta , 680 ML",,,,,
611,61318,"Sarivadharishta , 450 ML",,,,,
612,61326,"Sarivadharishta , 225 ML",,,,,
613,61333,"Sarivadhasava , 680 ML",,,,,
614,61340,"Sarivadhasava , 450 ML",,,,,
615,61358,"Sarivadhasava , 225 ML",,,,,
616,61360,"MAHARASNADI K.GUGGULU.YU.,450ML",,,,,
617,61362,"MAHARASNADI K.GUGGULU.YU.,200ML",,,,,
618,61364,"Dashmul Kadha , 450 ML",,,,,
619,61366,"Dashmul Kadha , 225 ML",,,,,
620,61387,"Mahamanjishthadi Kadha , 450 ML",,,,,
621,61401,"MAHARASNADI KADHA  , 450 ML",,,,,
622,61403,"MAHARASNADI KADHA, 200 ML",,,,,
623,61404,"MAHASUDARSHAN KADHA,450ML",,,,,
624,61405,"MAHASUDARSHAN KADHA , 225 ML",,,,,
625,61407,"Pathyadi Kadha , 450 ML",,,,,
626,61409,"PUNARNAVADI KWATH,450ML",,,,,
627,61415,"Balant Kadha No.1 , 200 ML",,,,,
628,61420,"Balant Kadha No.2 , 200 ML",,,,,
629,61425,"Balant Kadha No.3 , 200 ML",,,,,
630,61471,"Yav Kshar , 10 GM",,,,,
631,61475,"Giloy Satwa , 40 GM",,,,,
632,61494,"Giloy Satwa , 10 GM",,,,,
633,61500,"MADHU, 1 KG",,,,,
634,61501,"Madhu , 500 GM",,,,,
635,61518,"MADHU , 250 GM",,,,,
636,61525,"Madhu , 100 GM",,,,,
637,61533,"Madhu , 50 GM",,,,,
638,61536,"GULKAND, 500GM",,,,,
639,61538,"GULKAND, 200GM",,,,,
640,61540,"Erand Tel , 25 ML",,,,,
641,61542,"ERAND TEL,100 ML",,,,,
642,61589,"Ajwain Ark , 450 ML",,,,,
643,61595,"DASHMOOL ARK, 450 ML",,,,,
644,61601,"SAUNF ARK, 450 ML",,,,,
645,61610,"GORUKHMUNDI ARK, 450 ML",,,,,
646,61613,"USVA ARK, 450 ML",,,,,
647,61615,"MAKOI ARK, 450 ML",,,,,
648,61620,"Chandrodayavarti , 5 GM",,,,,
649,61640,"Dant Manjan Lal , 100 GM",,,,,
650,61672,"AMALKI RASYAN (POWDER), 120GM",,,,,
651,61687,"Amoebica Tab. , 100 TAB",,,,,
652,61694,"Amoebica Tab. , 25 TAB",,,,,
653,61697,"Amla Pittantak Yog , 100 TAB",,,,,
654,61701,"Amla Pittantak Yog , 50 TAB",,,,,
655,61707,"AMLA PITTANTAK SYRUP,200 ML",,,,,
656,61708,"AMLA PITTANTAK SYRUP,100 ML",,,,,
657,61718,"KABJAHAR GRANULES,200 GM",,,,,
658,61720,"Kabjahar Granules , 100 GM",,,,,
659,61724,"KABJAHAR, 10 TAB",,,,,
660,61733,"Gaisantak Bati , 100 TAB",,,,,
661,61740,"Gaisantak Bati , 50 TAB",,,,,
662,61758,"GAISANTAK BATI,20 TAB",,,,,
663,61764,"Godanti Mishran , 25 TAB",,,,,
664,61769,"JANAMGHUTI+LALTEL(COMBI PACK),100 ML",,,,,
665,61771,"Janmghuti , 100 ML",,,,,
666,61787,"Janmghuti , 50 ML",,,,,
667,61794,"Janmghuti , 25 ML",,,,,
668,61801,"Zucamo , 100 ML",,,,,
669,61818,"Dimag Doshari Tab. , 50 TAB",,,,,
670,61825,"Dimag Paustik Rasayan Tab. , 50 TAB",,,,,
671,61827,"PROSTAID TAB,50 TAB",,,,,
672,61829,"PATHREENA LIQUID,200 ML",,,,,
673,61830,"PATHREENA LIQUID,100 ML",,,,,
674,61832,"PATHREENA,500 TAB",,,,,
675,61833,"Pathreena , 50 TAB",,,,,
676,61840,"Pirrhoids , 50 TAB",,,,,
677,61845,"Pirrhoids , 25 TAB",,,,,
678,61857,"Pradarantak Tab. , 50 TAB",,,,,
679,61864,"Brain Tab. , 50 TAB",,,,,
680,61871,"Baidhyanath Balm , 10 GM",,,,,
681,61890,"Madhumehari Granules , 100 GM",,,,,
682,61893,"RAKTASHODHAK BATI,5000TAB-JAR",,,,,
683,61894,"Raktashodhak Bati , 50 TAB",,,,,
684,61896,"RAKTASHODHAK SYRUP , 200 ML",,,,,
685,61898,"SWARN SHAKTI RAS, 20 CAP",,,,,
686,61901,"RHUMA OIL , 100 ML",,,,,
687,61918,"RHUMA OIL , 50 ML",,,,,
688,61920,"RHEUMARTHO , 50 TAB",,,,,
689,61922,"RHEUMARTHO , 25 TAB",,,,,
690,61924,"RHEUMARTHO GOLD , 30 CAP",,,,,
691,61926,"Artho , 50 TAB",,,,,
692,61928,"RHEUMARTHO GOLD PLUS,30 CAP",,,,,
693,61940,"Vatreena Tab. , 50 TAB",,,,,
694,61942,"Liverex Tablet , 25 Tab",,,,,
695,61944,"Liverex Tab. , 500 TAB",,,,,
696,61950,"Liverex Tab. , 100 TAB",,,,,
697,61951,"LIVEREX SYRUP,100 ML",,,,,
698,61952,"LIVEREX SYRUP,200 ML",,,,,
699,61986,"SHANKHPUSHPI SYP,200ML+(100ML FREE)",,,,,
700,61987,"SHANKHPUSHPI SYRUP,450 ML+(200ML FREE)",,,,,
701,61996,"Shankhpushpi Syrup , 100 ML",,,,,
702,62018,"Shilajeet Capsules , 30 CAP",,,,,
703,62020,"Shilajeet Capsules  ""Bilister"" , 10 CAP",,,,,
704,62031,"SHAKTIRAS CAPSULES,20 CAP",,,,,
705,62040,"Shodhi Harren , 80 GM",,,,,
706,62057,"Swashkalp Tab. , 50 TAB",,,,,
707,62064,"Saptgun Tel , 50 ML",,,,,
708,62074,"Saptgun Tel , 25 ML",,,,,
709,62082,"FEMME AID SYRUP,450 ML",,,,,
710,62083,"FEMME AID SYRUP,200 ML",,,,,
711,62087,"SUNDARI SAKHI , 450 ML",,,,,
712,62094,"SUNDARI SAKHI, 200 ML",,,,,
713,62101,"Surakta , 450 ML",,,,,
714,62118,"Surakta , 200 ML",,,,,
715,62125,"Surakta , 100 ML",,,,,
716,62199,"KESHRIKALP ROYAL CHYAWANPRASH,1KG",,,,,
717,62201,"KESHRIKALP ROYAL CHYAWANPRASH,500GM",,,,,
718,62203,"KESHRIKALP ROYAL CHYAWANPRASH,250GM",,,,,
719,62210,"CHYVAN  VITA GRANULES,500 GM",,,,,
720,62215,"CHYVAN  VITA GRANULES,100 GM",,,,,
721,62217,"SUGAR FREE CHYWAN-VIT ,1 KG",,,,,
722,62225,"Panchasava , 450 ML",,,,,
723,62233,"ASHOKARISHTA (SPL.) , 450 ML",,,,,
724,62240,"Ashwagandharishta (Spl.) , 450 ML",,,,,
725,62257,"Dashmularishta (Spl.) , 450 ML",,,,,
726,62264,"Mahashankha Drava , 10 ML",,,,,
727,62271,"SHANKHA DRAVA , 10 ML",,,,,
728,62277,"VITA EX GOLD PLUS,20 CAP",,,,,
729,62278,"VITA EX GOLD PLUS,10 CAP",,,,,
730,62287,"VITA EX GOLD,20 CAP",,,,,
731,62294,"VITA EX GOLD, 10 CAP",,,,,
732,62296,"VITA EX  OIL,15 ML",,,,,
733,62298,"COMBI PACK VITA-GOLD PLUS+VITA-EX OIL,1-PCS",,,,,
734,62301,"Lal Tel , 100 ML",,,,,
735,62318,"LAL TEL, 50 ML",,,,,
736,62320,"Rogan Badam , 100 ML",,,,,
737,62322,"Rogan Badam , 50 ML",,,,,
738,62325,"Rogan Badam , 25 ML",,,,,
739,62333,"Rogan Badam , 10 ML",,,,,
740,62335,"ARTHO OIL,100 ML",,,,,
741,62340,"Urostone Tab. , 500 TAB",,,,,
742,62345,"Urostone Tab , 100 TAB",,,,,
743,62350,"Urostone Tab. , 25 TAB",,,,,
744,62355,"FEVERCUT TAB. , 500 TAB",,,,,
745,62360,"FEVERCUT TAB. , 100 TAB",,,,,
746,62365,"FEVERCUT TAB. , 25 TAB",,,,,
747,62366,"FEVER CUT TAB.,20 TAB",,,,,
748,62375,"LAL TOOTH  PASTE , 50 GM",,,,,
749,62400,"SWAPN DOSH HARI TAB.,60 TAB",,,,,
750,62402,"LEUCO GARD TAB.,50TAB",,,,,
751,62405,"LACTONE GRANULES,200GM",,,,,
752,62414,"ALOVERA JUICE,1 LTR",,,,,
753,62417,"AMLA JUICE, 1 LTR",,,,,
754,62420,"KARELA JAMUN JUICE, 1 LTR",,,,,
755,62423,"GILOY JUICE, 500 ML",,,,,
756,62426,"SLIM & TRIM JUICE,500 ML",,,,,
757,62429,"LIVER-X JUICE,500 ML",,,,,
758,62432,"HEMO-X JUICE,500 ML",,,,,
759,70001,"Abhinav Shariram Sans. , 1 NO",,,,,
760,70018,"Abhinav Shriram Hin. , 1 NO",,,,,
761,70020,"Ashtang Shangrah(Sutra) , 1 NO",,,,,
762,70022,"Ashtang Shangrah(Utter) , 1 NO",,,,,
763,70023,"Ashtang Shangrah Hin. , 1 NO",,,,,
764,70025,"Ash.Shan.Sharir Nid.chi.kal. , 1 NO",,,,,
765,70026,"Ashtang Shan.Ki Vanaushdhiyan , 1 NO",,,,,
766,70027,"Amla Pitt Prakran (Hin) , 1 NO",,,,,
767,70033,"Arogya Prakash (Hin) , 1 NO",,,,,
768,70040,"Arogya Prakash (Marathi) , 1 NO",,,,,
769,70057,"Arogya Prakash (Guj) , 1 NO",,,,,
770,70064,"Ayurvediya Kriya Sharir (Hin) , 1 NO",,,,,
771,70087,"Ayurved-Sar-sangrah (Hin) , 1 NO",,,,,
772,70094,"Ayurved Vyadhivigyan(Purva) , 1 NO",,,,,
773,70101,"Ayurved Vyadhi Vigyan(Uttarard , 1 NO",,,,,
774,70118,"Ayurved Padarth Vigyan (Hin) , 1 NO",,,,,
775,70133,"Ayurved Panchkarma Vigyan(Hin) , 1 NO",,,,,
776,70140,"Ayurved Hitopedesh ( Hin) , 1 NO",,,,,
777,70157,"Aushdhi Vigyan Shastra , 1 NO",,,,,
778,70159,"Aushdhi Vigyan (Hin) , 1 NO",,,,,
779,70164,"Ayurved Aushdhi Sevan Vidhi(Hi , 1 NO",,,,,
780,70171,"Ayurved Aushdhi Sevan Vidhi (M , 1 NO",,,,,
781,70187,"Ayurved Aushdhi Sevan Vidhi (G , 1 NO",,,,,
782,70201,"Atyayik Chikitsa(Hin) , 1 NO",,,,,
783,70218,"Aganya.Sar Kost.Prakrnani , 1 NO",,,,,
784,70225,"Upchar Paddhti (Hin) , 1 NO",,,,,
785,70233,"Kishor Raksha Aur Bram.(Hin) , 1 NO",,,,,
786,70240,"Charmaroga Nirdeshika(Hin) , 1 NO",,,,,
787,70257,"Cha.Shu.Ke Dars.Upay , 1 NO",,,,,
788,70264,"Tridosh Tatva Vimarsha(Hin) , 1 NO",,,,,
789,70271,"DRAV.VIGYA.PUR.(HINDI SANS.) , 1 NO",,,,,
790,70287,"Nidan Chikitsa Hastamalak(1) , 1 NO",,,,,
791,70294,"Nidan Chikitsa Hastamalak (2) , 1 NO",,,,,
792,70301,"Nidan-Chikitsa Hastamalak (3) , 1 NO",,,,,
793,70318,"Nidan-chikitsa Hastamalak (4) , 1 NO",,,,,
794,70325,"Netra Chikitsa(Sans.) , 1 NO",,,,,
795,70333,"Netraroga Vigyan(Hin.) , 1 NO",,,,,
796,70340,"Netraroga Vigyan (Mar.) , 1 NO",,,,,
797,70357,"Padarth Vigyan (Hin.) , 1 NO",,,,,
798,70364,"Pari.Savdartha Shariram (Sans. , 1 NO",,,,,
799,70371,"Prarambhik Ras Sastra (Mar.) , 1 NO",,,,,
800,70387,"Manas Rog Vigyan (Hin.) , 1 NO",,,,,
801,70394,"Motapan Kam karne Ka Upya(Hin. , 1 NO",,,,,
802,70395,"Mansayurve (Mar.) , 1 NO",,,,,
803,70401,"Yunani Chikitsa Sar , 1 NO",,,,,
804,70418,"Yunani Siddhayog Sangrah (Hin. , 1 NO",,,,,
805,70425,"Yuvan Vigyan Par Naya Prak.(Hi , 1 NO",,,,,
806,70433,"Vanaushadhi Shatak (Hin.) , 1 NO",,,,,
807,70440,"San.Vanaus.Digdarshika (Hin.) , 1 NO",,,,,
808,70442,"Vaidya Sahacher (Hin.) , 1 NO",,,,,
809,70445,"BAIDYANATH AYURVED GYAN KI PUSTIKA (HINDI), 1 NO.",,,,,
810,70457,"Siddhayog Sangraha (Hin.) , 1 NO",,,,,
811,70464,"Sankramak Rog Vigyan (Hin.) , 1 NO",,,,,
812,70471,"Sharangdhar Sanhita (Hin.) , 1 NO",,,,,
813,70487,"Shalakyatantra Kar.Nasa (Mar.1 , 1 NO",,,,,
814,70494,"Shalakyatantra Muk.Rog  (Mar.2 , 1 NO",,,,,
815,70501,"Shalakyatantra Kar.Nasa (Hin 1 , 1 NO",,,,,
816,70505,"Shalakyatantra Mukharog (P-II) , 1 NO",,,,,
817,70510,"Sharir Kriya Vigyan (Hindi) , 1 NO",,,,,
818,70518,"Sharir Kriya Vigyan(Mar.) , 1 NO",,,,,
819,70525,"Dravyagun Vigyanam Uttar.(Hin. , 1 NO",,,,,
820,70533,"Parad Vigyaniyam (Hin.) , 1 NO",,,,,
821,70540,"Bharatiya Ras Shastra (Hin.) , 1 NO",,,,,
822,70557,"Therapeutic Guide To Ayu.Medi. , 1 NO",,,,,
823,70564,"Digestion & Metabolism In Ayur , 1 NO",,,,,
824,70571,"Science & Phil.Of Indian Med. , 1 NO",,,,,
825,70587,"Tratise On 30 Imp.Baidya.Produ , 1 NO",,,,,
826,70594,"The Problem Of Ayu.Research , 1 NO",,,,,
827,70601,"Arogya Prakash English , 1 NO",,,,,
828,70605,"Arogya Prakash English , 1 NO",,,,,
829,70610,"Arogya Prakash English , 1 NO",,,,,
830,70618,"Basic Pirnciples Of Ayurv.Rese , 1 NO",,,,,
831,70625,"Mad.Flo.Of Gari.Himalayas , 1 NO",,,,,
832,70630,"Baidyanath.Book Of Ayu.Knowled , 1 NO",,,,,
833,70635,"Conc.Of Ayu.for Perf.Helth Lon , 1 NO",,,,,
834,70646,AROGYA SWASTH PUSTIKA,,,,,
835,70646,AROGYA SWASTH PUSTIKA,,,,,
836,70656,CHYAWANPRASH  SUGARFREE BOOK,,,,,
837,70660,AMOEBICA BOOK,,,,,
838,70810,"SACHITRA AYURVED BOOK,1 NO.",,,,,
839,80120,"ISABBAEL HERBAL,100 GM",,,,,
840,80122,"ISABBAEL HERBAL,50 GM",,,,,
841,80150,"KASAMRIT HERBAL,200ML",,,,,
842,80152,"KASAMRIT HERBAL , 100 ML",,,,,
843,80153,"KASAMRIT HERBAL,  50 ML",,,,,
844,80218,"Charm Rogari Oint. , 15 GM",,,,,
845,80271,"DADURIN LOTION, 10 ML",,,,,
846,80276,"DADURIN OINTMENT NEW, 15 GM",,,,,
847,80315,"PIRRHOIDS OINTMENT NEW,15 GM",,,,,
848,80340,"Balamrit , 450 ML",,,,,
849,80357,"Balamrit , 200 ML",,,,,
850,80397,"Healar Malham , 15 GM",,,,,
851,80400,"VIRECHNI TABLET NEW,10TAB",,,,,
852,82001,"VIRYASHODHAN BATI,10TAB",,,,,
853,82003,"GUDICHI (GILOY) GHAN BATI,10 TAB",,,,,
854,82033,VAIDYA DIWALI GIFT HAMPER-2017,,,,,
855,61676,"AMRIT TULSI ARK,30 ML",,,,,
856,62337,"HIMSAGAR TEL,100 ML",,,,,
857,62338,"HIMSAGAR TEL,50 ML",,,,,
858,91305,"AMLA & ALOE NOURISHING SHAMPOO,500 ML",,,,,
859,91307,"AMLA & ALOE NOURISHING SHAMPOO,200 ML",,,,,
860,61887,"MAHASUDARSHANGHAN BATI, 40 TAB",,,,,
861,61888,"MAHASUDARSHANGHAN BATI, 10 TAB",,,,,
862,91309,"AMLA & ALOE NOURISHING SHAMPOO,100 ML",,,,,
863,91312,"HEENA & OLIVE CONDITIONING SHAMPOO,500 ML",,,,,
864,91314,"HEENA & OLIVE CONDITIONING SHAMPOO,200 ML",,,,,
865,91316,"HEENA & OLIVE CONDITIONING SHAMPOO,100 ML",,,,,
866,91319,"NEEM & RITHA ANTI DANDRUFF SHAMPOO,500 ML",,,,,
867,91321,"NEEM & RITHA ANTI DANDRUFF SHAMPOO,200 ML",,,,,
868,91323,"NEEM & RITHA ANTI DANDRUFF SHAMPOO,100 ML",,,,,
869,91351,"AYUDANT TOOTH PASTE,100 GM",,,,,
870,91361,"GREEN TEA,25 BAGS",,,,,
871,91365,"GREEN TEA,100 GM",,,,,
872,91371,"ALOVERA JUICE,200 ML",,,,,
873,91374,"WHEET GRASS JUICE,200 ML",,,,,
874,91377,"AMLA JUICE,200 ML",,,,,
875,91380,"KOKKUM JUICE,200 ML",,,,,
876,91383,"LADDAKH BERRY JUICE,200 ML",,,,,
877,91386,"JAMUN KARELA JUICE,200 ML",,,,,
878,91389,"COOLER SHARBAT,750 ML",,,,,
879,91392,"FRUITS SHARBAT,750 ML",,,,,
880,91395,"THANDAI SHARBAT,750 ML",,,,,
881,91398,"SUGAR FREE KHUS SHARBAT,200 ML",,,,,
882,91405,"AMLA CHURAN,100 GM",,,,,
883,91407,"BRAHMI CHURAN,100 GM",,,,,
884,91409,"ASHWANGANDHA CHURAN,100 GM",,,,,
885,91411,"SHATAWARI CHURAN,100 GM",,,,,
886,91413,"KARELA CHURAN,100 GM",,,,,
887,91415,"JAMUN GUTHALI CHURAN,100 GM",,,,,
888,91425,"ARJUN CAP,60 CAP",,,,,
889,91426,"TULSI CAP,60 CAP",,,,,
890,91427,"AMLA CAP,60 CAP",,,,,
891,91428,"KARELA CAP,60 CAP",,,,,
892,91429,"MANJISTHA CAP,60 CAP",,,,,
893,91450,"BOROTOTAL CREAM,20 GM",,,,,
894,91452,"FAIRNESS CREAM,20 GM",,,,,
895,91454,"KRACKURE CREAM,20 GM",,,,,
896,91456,"ALL PURPOSE CREAM,100 ML",,,,,
897,91457,"ALL PURPOSE CREAM,50 ML",,,,,
898,91460,"COLD CREAM,100 ML",,,,,
899,91461,"COLD CREAM,50 ML",,,,,
900,91464,"FACE GEL REVIVE & RESTORE,100 GM",,,,,
901,91466,"FACE GEL POLLUTION DEFENCE SPF+,100 GM",,,,,
902,91475,"NEEM FACE WASH,100 GM",,,,,
903,91443,"NEEMWIN,60 TAB",,,,,
904,G0465,USHA LIGHT WT.IRON 2102T,,,,,
905,PO190,DANGLER SUNDRI SAKHI,,,,,
906,PO530,POSTER SUNDARI SAKHI,,,,,
907,PO535,POSTER VITA-EX GOLD PLUS,,,,,
908,P0001,PANCHANG SAMWAT-2075,,,,,
909,G0464,MILTON ANGELINA VACCUM FLASK 500ML,,,,,
910,70676,RAKTSHODHAK GROUP CARD,,,,,
911,70679,PATHREENA GROUP CARD,,,,,
912,PO520,VAIDYA RAMNARAYAN SHARMA PURASKAR FOLDER,,,,,
913,PO562,"VAIDYA/DR.S CONTROCT FORM ,PAD",,,,,
914,PO641,"POSTER TULSI ARK,POSTER",,,,,
915,PO642,SHELF TALKER JUICE,,,,,
916,91441,"STRESSWIN,60 TAB",,,,,
917,91435,"CARDWIN DS,60 TAB",,,,,
918,70684,AMLAPITTANTAK YOG GROUP CARD,,,,,
919,70686,ARTHO OIL GROUP CARD,,,,,
920,70696,FEMME AID SYRUP CARD,,,,,
921,70698,BALAMRIT SYRUP GROUP CARD,,,,,
922,70699,GUDUCHI GHAN BATI CARD,,,,,
923,70701,SHAKTI RAS GROUP CARD,,,,,
924,70715,MADHU MEHARI BOOK,,,,,
925,70826,INTRODUCTION TO ETHICAL AND PATENT MEDICINES,,,,,
926,70830,ZUCAMO SYRUP CARD,,,,,
927,70835,PATHREENA CARD SYRUP,,,,,
928,PO550,ETHICAL AYURVEDIC MEDICINE CARD,,,,,
929,50022,"AJMODADI CHURAN,100 GM",,,,,
930,50259,"PANCHKOL CHURAN,60 GM",,,,,
931,PO644,STICKER BAIDYANATH (8.5 DIA),,,,,
932,PO643,SHELF TALKER AYURDANT,,,,,
933,PO256,"MAHABHRINGRAJ TEL POSTER, (HINDI) WITH SCHEME",,,,,
934,PO639,POSTER AMRIT TULSI,,,,,
935,PO636,POSTER AYUDANT,,,,,
936,PO637,POSTER COOLER THANDAI FRUIT,,,,,
937,PO638,POSTER HIMSAGAR,,,,,
938,G0461,"PCJ SILVER COIN,20 GM",,,,,
939,G0462,"PCJ SILVER COIN,50 GM",,,,,
940,82037,"DAIWIN DS,10 TAB",,,,,
941,82039,"PAINWIN TAB,10 TAB",,,,,
942,PO645,BAIDYANATH 3 FOLD LEAFLETS,,,,,
943,G0470,LUNCH BOX MY DECKER-3(T),,,,,
944,82011,"AMLA PITTANTAK,10 TAB",,,,,
945,82013,"LIVEREX TABLET,10 TAB",,,,,
946,82023,"BALAMRIT,50 ML",,,,,
947,82027,"VATREENA,10 TAB",,,,,
948,PO648,SHELF TALKER MAHABHRINGRAJ TEL,,,,,
949,70683,CARD MEDOHAR GUGGUL,,,,,
950,70711,SACHITRA AYURVED,,,,,
951,70745,LIVEREX TABLET/ SYRUP BOOK,,,,,
952,70836,RAKAT SHODHAK CARD SYRUP,,,,,
953,70710,ASAV BOOK ( GREEN COVER),,,,,
954,70725,SWARN MOTI PUSTAK,,,,,
955,91444,"NEEM TAB,60 TAB",,,,,
956,61430,"GULBANAPSADI KADA,200 ML",,,,,
957,50099,"DASHANG LEP (CHURAN),50GM",,,,,
958,91437,"DAIWIN DS,60 TAB",,,,,
959,G0459,"PCJ SILVER COIN,10GM",,,,,
960,G0468,"PCJ SILVER COIN,11.50 GM",,,,,
961,PO607,SAPTARISHTA POSTER,,,,,
962,PO622,METABOLIC DISORDER GROUP CARD,,,,,
963,PO623,SPERM DISORDER GROUP CARD,,,,,
964,PO624,NERVOUS DISORDER GROUP CARD,,,,,
965,PO626,CARD DISORDER AND IMMUNITY,,,,,
966,PO627,CARD SEXUAL DISORDER,,,,,
967,PO628,CARD URINARY DISORDER,,,,,
968,PO629,CARD GYANEOOLOGICAL DISORDER,,,,,
969,PO630,CARD SKIN DISORDERS,,,,,
970,PO635,CARD DIGESTIVE DISORDER DUPIPHA,,,,,
971,PO608,SAPTARISHTA CARD,,,,,
972,G0463,"PCJ GOLD PENDENT,1.450GM",,,,,
973,82009,"RAKTASHODHAK SYRUP,50 ML",,,,,
974,82006,"PATHREENA,10 TAB",,,,,
975,G0460,"PCJ SILVER COIN,5 GM",,,,,
976,G0471,PURO WATER BOTTEL 900 ML,,,,,
977,10301,"Nag Bhasam , 5 GM",,,,,
978,10587,"Moti Bhasam (Chan.Puti.) , 500 MG",,,,,
979,10794,"Shring Bhasm , 10 GM",,,,,
980,10801,"Shring Bhasm , 5 GM",,,,,
981,11001,"Makardhwaj Tab. , 25 TAB",,,,,
982,11018,"Makardhwaj Tab. , 10 TAB",,,,,
983,11025,"Makardhwaj Tab. , 5 TAB",,,,,
984,11227,"Sameerpannag Ras , 1 KG",,,,,
985,20012,"A-AGASTI SUTRAJ RAS,40TAB",,,,,
986,20135,"A-Ashwanikumar Ras , 20 TAB",,,,,
987,20310,"B-Kanaksundar Ras , 40 TAB",,,,,
988,20405,"A-Karpur Ras , 5 GM",,,,,
989,20430,"A-Karpur Ras , 1 GM",,,,,
990,20605,"A-Kaminividravana ras(K.Y , 10 GM",,,,,
991,20635,"Kumudushwar Ras , 8 TAB",,,,,
992,20835,"A-GRAHNIKAPAT RAS , 20 TAB",,,,,
993,21419,"BASANTKUSUMAKAR RAS(S.M.A.Y),30 TAB",,,,,
994,21494,"A-Bahumutrantak Ras , 40 TAB",,,,,
995,21557,"Balark Ras (Ke.Go.Yu.) , 10 TAB",,,,,
996,21900,"Rasadi Ras , 80 TAB",,,,,
997,22425,"Swarnmalinibasant Ras(Lag , 25 TAB",,,,,
998,22433,"Swarnmalinibasant Ras(Lag , 10 TAB",,,,,
999,22440,"Swarnmalinibasant Ras(Lag , 5 TAB",,,,,
1000,22591,"SOMNATH RAS , 20 TAB",,,,,
1001,22594,"HEMGRABHA POTTALI,500 MG",,,,,
1002,22671,"Karshyahar Loha , 10 GM",,,,,
1003,22773,"DHATRI LOHA BLISTER,20TAB",,,,,
1004,22827,"PRADRANTAK LOHA BLISTER,20TAB",,,,,
1005,22833,"Pridrari Loha , 40 TAB",,,,,
1006,22887,"Yakratpilhari Loha , 40 TAB",,,,,
1007,22918,"Vishamjwarantak Loha , 40 TAB",,,,,
1008,22942,"SHOTHARI LOHA BLISTER,20TAB",,,,,
1009,30094,"Kash Bati , 40 TAB",,,,,
1010,30203,"CHANDRAPRABHA BATI 'JAR',4000TAB",,,,,
1011,30245,"A-Jatiphaladi Bati(San.) , 2.5 GM",,,,,
1012,30307,"MUGDHA RAS,35 TAB",,,,,
1013,30362,"BRAHMI BATI (BUDDHI WARDHAK),40TAB",,,,,
1014,30401,"Madhu Mehari Yog(Sw.Yu.) , 40 TAB",,,,,
1015,30490,"Rajodoshahari Bati , 20 TAB",,,,,
1016,30562,"VRIDDHIVADHIKA BATI,40TAB",,,,,
1017,30693,"SARVDOSANTAK GUTIKA,5000TAB-JAR",,,,,
1018,50164,"B-Jatiphaladi Churan , 30 GM",,,,,
1019,50505,"Chyawanprash Royal , 500 GM",,,,,
1020,60101,"Dashmul Tel , 50 ML",,,,,
1021,60325,"Shankhapushpi Tel , 50 ML",,,,,
1022,60455,"Brahmi Amla Tel , 500 ML",,,,,
1023,60986,"DRAKSHASAVA(SPL.),650 ML",,,,,
1024,61418,"MAHARASNADI KADHA (G.Y.),450 ML",,,,,
1025,61535,"MADHU, 10 GM",,,,,
1026,61592,"MAHAMANJISTHADI ARK., 450 ML.",,,,,
1027,61598,"MAHASUDARSHAN ARK, 450 ML",,,,,
1028,61604,"BRAHMI ARK, 450 ML",,,,,
1029,61607,"PUNARNVA ARK, 450 ML",,,,,
1030,61617,"TULSI ARK,100 ML",,,,,
1031,61705,"AMLA PITTANTAK YOG(BLSTR),10 TAB. BLISTER",,,,,
1032,61722,"Kabjahar Granules Pouch , 5 GM",,,,,
1033,61757,"Gaisantak Bati , 25 TAB",,,,,
1034,61760,"Gaisantak Bati ""Strip"" , 10 TAB",,,,,
1035,61815,"Pachak Bati , 100 TAB",,,,,
1036,61860,"MADIFAL RASAYAN, 200 ML",,,,,
1037,61886,"MAHASUDARSHANGHAN BATI,20 TAB",,,,,
1038,61925,"Laghusutshekhar Tab. , 50 TAB",,,,,
1039,61929,"RHEUMARTHO GOLD PLUS,10 CAP",,,,,
1040,61933,"Leprin Tab. , 100 TAB",,,,,
1041,61994,"Shankhpushpi Syrup , 200 ML",,,,,
1042,62001,"Shilajeet Capsules , 100 CAP",,,,,
1043,62033,"A-SHAKTIRAS CAPSULES , 10 CAP",,,,,
1044,62084,"SUNDARI SAKHI,450 ML",,,,,
1045,62086,"SUNDARI SAKHI,200 ML",,,,,
1046,62219,"SUGAR FREE CHYWAN-VIT ,500 GM",,,,,
1047,62245,"LOHASAVA SPL., 450 ML",,,,,
1048,62254,"ARJUNARISHTA SPL, 450 ML",,,,,
1049,62380,"COOLAR SHARBAT, 700ML",,,,,
1050,62383,"GRISHMA COOLAR, 250ML",,,,,
1051,62386,"GRISHMA FRUITS, 700ML",,,,,
1052,62389,"GRISHMA FRUITS, 250ML",,,,,
1053,62392,"THANDAI SHARBAT,700ML",,,,,
1054,62395,"GRISHMA BADAM THANDAI,250ML",,,,,
1055,62408,"GLUCOSE-D,500 GM",,,,,
1056,62410,"GLUCOSE-D,200 GM",,,,,
1057,62412,"GLUCOSE-D,100 GM",,,,,
1058,70161,"AUSHDHI VIGYAN (URDU), 1 NOS.",,,,,
1059,70162,AUSHDHI VIGYAN (GUJRATI),,,,,
1060,70455,"Baidyanath Ayu.Gya.Ki.Pustika , 1 NO",,,,,
1061,70645,BAIDYANTH AUR APKA SWASTH PARIVAR,,,,,
1062,70647,NEW AROGYA SWASTH PUSTIKA,,,,,
1063,70650,GRISHM  VARSHA RITU ME UPYOGI UTPAD,,,,,
1064,70655,PIRRHOIDS  BOOK,,,,,
1065,70665,SURAKTA FOLDER,,,,,
1066,70670,MAHABHRANGRAJ  BOOK,,,,,
1067,70675,ANUBHUT EVAM PATENT AUSHADHI UTPAD,,,,,
1068,70677,FEMME AID GROUP CARD,,,,,
1069,70678,FEVER CUT GROUP CARD,,,,,
1070,70680,UROSTONE CARD,,,,,
1071,70681,SHAKTI RAS CAPSULE CARD,,,,,
1072,70682,BAIDYANATH SWASTH DIWAS SHAM.PAMPLET,,,,,
1073,70685,SEPTRIC CARD,,,,,
1074,70690,AMLA PITTANTAK CARD,,,,,
1075,70691,ROOMA OIL CARD,,,,,
1076,70693,ARTHO (TABLETS) CARD,,,,,
1077,70694,CHICKENGUNIA INTRODUCTION & REMEDIES CARD,,,,,
1078,70695,AUSHADI UTPADAN EVAM NIRMAN PRAKRIYA,,,,,
1079,70697,VIRYA SHODHAN BATI CARD,,,,,
1080,70700,AYURVED KA SAJAG PHARI,,,,,
1081,70705,ASAV BOOK TANKI PRINTED,,,,,
1082,70720,CREAM LOTION BOOK,,,,,
1083,70728,BOOKLET BAIDYANATH SWASHTH PUSTIKA,,,,,
1084,70730,AYURVED PRAKASHAN SAMIKSHA BOOK,,,,,
1085,70735,SUNDARI KALP FORTE BOOK,,,,,
1086,70740,SUNDARI KALP SPECIAL BOOK,,,,,
1087,70750,SWARN GHATIT MEDICINE FOLDER,,,,,
1088,70755,NATURAL GIFT FROM AYURVEDA,,,,,
1089,70760,HANUMAN CHALISA,,,,,
1090,70765,ARTI MALA,,,,,
1091,70770,DOCTOR'S PAD,,,,,
1092,70775,ETHICAL AYURVEDIC PATENT TABLE CARD,,,,,
1093,70780,SUMMER SPECIAL BOOK,,,,,
1094,70785,SWASHKALP CARD,,,,,
1095,70786,BAIDYANATH MANGE TO BAIDYANATH HI PAYE (ASAVA),,,,,
1096,70790,BAIDYANATH MANGE TO BAIDYANATH HI PAYE,,,,,
1097,70795,BAIDYANATH DAWAO KA TULNATMAK VISLESHAN (ENGLISH),,,,,
1098,70800,BAIDYANATH DAWAO KE TULNATMAK VISLESHAN (HINDI),,,,,
1099,70805,BAIDYANATH  KI  PRACHLIT AUSHADI,,,,,
1100,70806,BAIDYANATH KWATH PREPARATIONS,,,,,
1101,70815,SHASTROKT ARK AUSHYADI FOLDER,,,,,
1102,70820,DHARMA' ARTHA 'KAMA AND MOKSHA BOOK,,,,,
1103,70825,URDU AUSHDHI VIGYAN,,,,,
1104,70827,ETHICAL PRODUCTS CARD,,,,,
1105,70828,AROGYA SWASTH PUSTAKA GUJARATI,,,,,
1106,70829,LEUCOGARD CARD,,,,,
1107,70831,LACTONE CARD,,,,,
1108,70832,BAIDYANATH AUSHADIA ROGANUSAR,,,,,
1109,70833,PIRRIODS CARD,,,,,
1110,70834,RAKTASHODHAK CARD,,,,,
1111,70837,PROSTAIS TABLET CARD SYRUP,,,,,
1112,70838,CARD SWARN SHAKTI,,,,,
1113,70839,BAIDYANTH PRODUCT CARD( CARD SHEET),,,,,
1114,70840,BAIDYANATH PRODUCT CARD(ART PAPER),,,,,
1115,70841,CARD SAPTARISHTA,,,,,
1116,80318,"Bawasir Malham , 25 GM",,,,,
1117,80386,"VIRECHNI TABLET , 100 TAB",,,,,
1118,82005,"FEMME AID SYRUP,50 ML",,,,,
1119,82007,"PIRRHOIDS,10 TAB",,,,,
1120,82015,"SWAPN DOSH HARI TAB,10 TAB",,,,,
1121,82017,"ARTHO OIL,30 ML",,,,,
1122,82019,"AMOEBICA TAB,10 TAB",,,,,
1123,82021,"AMLA PITTANTAK SYRUP,50 ML",,,,,
1124,82025,"PATHREENA,50 ML",,,,,
1125,82029,"FEVERCUT,10 TAB",,,,,
1126,82031,"PROSTAID TAB,10 TAB",,,,,
1127,82035,"CARDWIN DS,10 TAB",,,,,
1128,82041,"STRESSWIN,10 TAB",,,,,
1129,82043,"NEEMWIN,10 TAB",,,,,
1130,82044,"PAPAINWIN TAB,10 TAB",,,,,
1131,90001,"NEEM TULSI POWDER (R), 150 GM",,,,,
1132,90003,"NEEM TULSI POWDER (R), 75 GM",,,,,
1133,90006,"NEEM TULSI POWDER (S), 150 GM",,,,,
1134,90008,"NEEM TULSI POWDER (S), 75 GM",,,,,
1135,90010,"NEEM TULSI POWDER COOL, 150 GM",,,,,
1136,90015,"NEEM TULSI POWDER COOL, 75 GM",,,,,
1137,90025,"KASAMRIT HERBAL (CSD),100ML X 80 PCS",,,,,
1138,90066,"CHYAWANPRASH-SPL(CSD),1 KG X 15 PCS",,,,,
1139,90067,CHYAWANPRASH-AVALEHA(NC) 1 KG,,,,,
1140,90080,"SHANKHPUSHPI(CSD),200ML X 50 PCS",,,,,
1141,90120,"SHIKAKAI BHRINGRAJ SHAMPOO, 500 ML",,,,,
1142,90125,"SHIKAKAI BHRINGRAJ SHAMPOO, 200 ML",,,,,
1143,90130,"SHIKAKAI BHRINGRAJ SHAMPOO, 100 ML",,,,,
1144,90130,"SHIKAKAI BHRINGRAJ SHAMPOO, 100 ML",,,,,
1145,90140,"HEENA LEMON SHAMPOO, 500 ML",,,,,
1146,90155,"NEEM T.T. ANTI DAND. SHAMPOO, 500 ML",,,,,
1147,90181,"MAHABHRINGRAJ SHAMPOO,200 ML",,,,,
1148,90182,"MAHABHRINGRAJ SHAMPOO,100 ML",,,,,
1149,91348,"AYUDANT TOOTH PASTE,8 GM",,,,,
1150,91353,"COFF TEA,10 BAG",,,,,
1151,91355,"LAXI TEA,10 BAG",,,,,
1152,91357,"VITAL TEA,10 BAG",,,,,
1153,91359,"TRIM TEA,10 BAG",,,,,
1154,91422,"GILOY (GUDUCHI) TAB,60 TAB",,,,,
1155,91438,"LAXWIN,60 TAB",,,,,
1156,91439,"PAENWIN,60 TAB",,,,,
1157,91442,"PAPAINWIN,30 TAB",,,,,
1158,91445,"MENSAWIN,200 ML",,,,,
1159,91446,"CLEARWIN,200 ML",,,,,
1160,91447,"LIVWIN,200 ML",,,,,
1161,91448,"KOFWIN,200 ML",,,,,
1162,91480,"VITA EX FORT,60 CAP",,,,,
1163,DKD01,"DAMA KI DAWA ,6GM",,,,,
1164,G0156,BAIDYANATH DISPENCER (BIG),,,,,
1165,G0157,BAIDYANATH DISPENCER (SMALL),,,,,
1166,G0158,EAR STOCKERS,,,,,
1167,G0278,JANMAGHUNTI + LALTEL THELLA (CANVAS BEG),,,,,
1168,G0455,CELLOW PURO 600 WATER BOTTLE,,,,,
1169,G0466,"PCJ GOLD COIN,1GM",,,,,
1170,G0467,MILTON CRONY 700 WATER BOTTEL,,,,,
1171,G0469,"PCJ GOLD COIN,2 GM",,,,,
1172,G0472,"PCJ GOLD COIN,10 GM",,,,,
1173,G0473,"PCJ GOLD COIN,8 GM",,,,,
1174,P0005,KALDRASHAK,,,,,
1175,PO006,CHOTA KALDRASHAK( BAIDYANATH PANCHANG),,,,,
1176,PO010,SACHITRA  CALENDAR,,,,,
1177,PO011,SACHITRA CALENDER-2018,,,,,
1178,PO015,DIARY SMALL,,,,,
1179,PO016,BAIDYANATH DAIRY-2018,,,,,
1180,PO020,DIARY BIG,,,,,
1181,PO025,TELEPHONE INDEX DIARY,,,,,
1182,PO030,DHANVANTRI CHITRA PLASTIC,,,,,
1183,PO035,DHANVATRI CHITRA PAPER,,,,,
1184,PO0354,KESHARIKALP DENGLAR,,,,,
1185,PO036,DHANVANTRI CHITRA ( WOOD PANTING),,,,,
1186,PO040,PRICE LIST,,,,,
1187,PO045,SHRI RAMNARAYAN JI KA CHITRA,,,,,
1188,PO050,PLASTIC   KEY  RINGS,,,,,
1189,PO0516,RHEUMARTHO GOLD (BOBLER),,,,,
1190,PO055,CANVAS BAG,,,,,
1191,PO0589,CANOPY,,,,,
1192,PO060,VIKRAY  PRATINIDHI  BAG (PTHOO .BAG),,,,,
1193,PO065,FOAM BAG,,,,,
1194,PO070,AIR BAG,,,,,
1195,PO075,COUNTER STAND GHARI (OLD),,,,,
1196,PO076,CHY. SUGARFREE POSTER ENGLISH,,,,,
1197,PO077,CHY. SUGARFREE VOBLERS ENGLISH,,,,,
1198,PO080,CHAYAWANPRASH  DANGLER,,,,,
1199,PO081,CHAYAWANPRASH POSTER BIG  HINDI,,,,,
1200,PO085,CHAYAWANPRASH POSTER SMALL  HINDI,,,,,
1201,PO090,CHAYAWANPRASH POSTER ENGLISH,,,,,
1202,PO091,CHAYAWANPRASH  STICKER (HINDI / ENGLISH),,,,,
1203,PO092,BAIDYANATH STICKER (HONEY),,,,,
1204,PO100,VITA EX GOLD DANGLER,,,,,
1205,PO105,VITA EX GOLD POSTER SMALL HINDI,,,,,
1206,PO110,VITA EX GOLD POSTER SMALL ENGLISH,,,,,
1207,PO115,VITA EX GOLD POSTER BIG,,,,,
1208,PO120,VITA EX GOLD   TOKERS,,,,,
1209,PO125,VITA EX GOLD GLOW SHINE BOARD OLD,,,,,
1210,PO140,SHANKHPUSHPI  DANGLER,,,,,
1211,PO145,SHANKHPUSHPI POSTER ENGLISH SMALL SCHEME,,,,,
1212,PO146,SHANKHPUSHPI POSTER HINDI SMALL SCHEME,,,,,
1213,PO150,SHANKHPUSHPI POSTER  BIG(HINDI) SCHEME,,,,,
1214,PO155,SHANKHPUSHPI BANNER CLOTH,,,,,
1215,PO156,SHANKHPUSHPI BANNER  PLASTIC,,,,,
1216,PO160,SURAKTA DANGLAR,,,,,
1217,PO165,SURAKTA POSTER HINDI SMALL,,,,,
1218,PO166,PIRRO+AMOBICA+ABHAYA BIG POSTER,,,,,
1219,PO170,SURAKTA  POSTER ENGLISH SMALL,,,,,
1220,PO175,SURAKTA POSTER BIG,,,,,
1221,PO180,SURAKTA GLOW SHINE BOARD  COVER  OLD,,,,,
1222,PO185,SURAKTA GLOW SHINE BOARD  OLD,,,,,
1223,PO195,SUNDRIKALP POSTER HINDI,,,,,
1224,PO200,SUNDRIKALP  POSTER ENGLISH,,,,,
1225,PO205,SUNDARIKALP STIKAR PATTI,,,,,
1226,PO210,SUNDARIKALP RAGZENE BAG,,,,,
1227,PO215,DANTMANJAN DANGLER,,,,,
1228,PO220,DANT MANJAN POSTER HINDI (BINA SCHEME),,,,,
1229,PO230,KABJAHAR DANGLAR,,,,,
1230,PO235,KABJAHAR POSTER,,,,,
1231,PO236,KABAJHAR POSTER (NEW),,,,,
1232,PO240,KASAMRIT HERBAL  DANGLER,,,,,
1233,PO241,KASAMRITA + ZUCAMO  POSTER,,,,,
1234,PO245,MADHUMEHARI STIKAR,,,,,
1235,PO250,MAHABHRINGARAJ DANGLER,,,,,
1236,PO254,GULUCOSE D POSTER,,,,,
1237,PO255,MAHABHRINGARAJ POSTER HINDI,,,,,
1238,PO260,AMLA  TEL DANGLER,,,,,
1239,PO265,AMLA TEL STIKAR,,,,,
1240,PO270,ROGAN BADAM DANGLER,,,,,
1241,PO275,ROGAN BADAM VOBLERS,,,,,
1242,PO280,GREESHMA  DANGLER OLD,,,,,
1243,PO285,GREESHMA DANGLER  NEW,,,,,
1244,PO290,GREESHMA POSTER SMALL (HINDI),,,,,
1245,PO295,GREESHMA POSTER SMALL (ENGLISH ),,,,,
1246,PO300,GREESHMA  POSTER BIG,,,,,
1247,PO301,GREESHMA FOAM BANNER,,,,,
1248,PO305,RHEUMARTHO DANGLER,,,,,
1249,PO306,RHEUMARTHO GOLD DANGLER,,,,,
1250,PO307,RHEUMARTHO GOLD POSTER,,,,,
1251,PO310,HIMANI KALYAN POSTER,,,,,
1252,PO315,HIMANI KALYAN + MANJAN BANNER,,,,,
1253,PO325,PIRRHOIDS DANGLER,,,,,
1254,PO330,ARK PUDINA POSTER,,,,,
1255,PO331,ARK PUDINA DANGLER,,,,,
1256,PO335,BALAMRIT DANGLER,,,,,
1257,PO340,PLA. BOARD BANNER (6 MEDICINE KA ),,,,,
1258,PO345,GLOW SHINE SHEET 8 X 3 FOOT,,,,,
1259,PO345,GLOW SHINE SHEET 8 X 3 FOOT,,,,,
1260,PO350,GLOW SHINE SHEET 6X 3 FOOT,,,,,
1261,PO354,KESHARIKALP DANGLER,,,,,
1262,PO355,KESHARIKALP POSTER HINDI,,,,,
1263,PO356,KESHARIKALP PLASTIC BANNER HINDI,,,,,
1264,PO360,KESHARIKALP POSTER ENGLISH,,,,,
1265,PO370,BALAMRIT FOLDER,,,,,
1266,PO373,CHURNA POSTER (HING.+AVIP.+TRIPH.+LAWAN.+DHATU.),,,,,
1267,PO374,ASAVA POSTER (ASHOK' DASHMULA'PANCHA'SAHWA'DRA),,,,,
1268,PO375,ASAV  BANNER,,,,,
1269,PO376,PANCHASAVA POSTER,,,,,
1270,PO377,PANCHASAV FOAM BANNER,,,,,
1271,PO380,KABJAHAR  HINDI  BANNER,,,,,
1272,PO385,SURAKTA +MAHABHRINGARAJ BANNER,,,,,
1273,PO386,SUNDARI KALP +MAHABHRINGARAJ TAIL FOAM BANNER,,,,,
1274,PO390,SUNDRIKALP FOAM  BANNER,,,,,
1275,PO417,AMOEBICA STICKER,,,,,
1276,PO418,SEPTRIC STICKER,,,,,
1277,PO419,DIMAG DOSHARI STICKER,,,,,
1278,PO420,DANTMANJAN LAL STICKER,,,,,
1279,PO421,PATHRINA STICKER,,,,,
1280,PO422,PIRRHOID STICKER,,,,,
1281,PO423,LIVEREX STICKER,,,,,
1282,PO424,AMLAPITTANTAK YOG STICKER,,,,,
1283,PO425,GREESHMA STICKER,,,,,
1284,PO428,ARTHO STICKER,,,,,
1285,PO429,BRAIN TAB STICKER,,,,,
1286,PO430,GAISANTAK POSTER,,,,,
1287,PO435,PIRRHOIDS POSTER HINDI,,,,,
1288,PO436,VATREENA STICKER,,,,,
1289,PO440,SWARN MAKARDHWAJ  POSTER HINDI,,,,,
1290,PO445,HOLISTIC HERBAL REMEDIES POSTER,,,,,
1291,PO446,HOLISTIC HERBAL REMEDIES BOOKLET,,,,,
1292,PO450,KESARI KALP SEVAN VIDHI (  FOLDER ),,,,,
1293,PO455,ARK GULAB POSTER,,,,,
1294,PO460,URDU ARK AYSHADHI FOLDER,,,,,
1295,PO465,GULKAND POSTER HINDI,,,,,
1296,PO470,ETHICAL PRODUCTS PRICE LIST,,,,,
1297,PO474,SHANKHPUSHPI POSTER HINDI SMALL (NAYA),,,,,
1298,PO475,SHANKHPUSHPI POSTER HINDI SMALL,,,,,
1299,PO476,HONEY POSTER( ENGLISH),,,,,
1300,PO477,MAHANARAYAN TEL POSTER (HINDI),,,,,
1301,PO478,DADURIN  POSTER,,,,,
1302,PO479,SWAPANDOSHHARI BATI POSTER,,,,,
1303,PO480,CHARM ROGARI POSTER,,,,,
1304,PO481,PARANDA POSTER,,,,,
1305,PO482,KABJAHAR STICKER,,,,,
1306,PO483,CHYAWANPRASH STICKER,,,,,
1307,PO484,KASAMRITA HERBAL STICKER,,,,,
1308,PO485,KABJAHAR+GAISANTAK POSTER,,,,,
1309,PO486,"SWASKALP , STICKER",,,,,
1310,PO487, CHAYAWANPRASH+MAHANARAYAN TEL POSTER (HINDI),,,,,
1311,PO488,KESHARIKALP FOAM  BANNER,,,,,
1312,PO489,CHYAWANPRASH FOAM BANNER,,,,,
1313,PO490,"ZUCAMO ,(DANGLER)",,,,,
1314,PO491,BOROTEL CREAM STICKER,,,,,
1315,PO492,COLD CREAM STICKER,,,,,
1316,PO493,MADHU 50 GM STICKER,,,,,
1317,PO500, MAHANARAYAN TEL (HINDI) FOAM BANNER,,,,,
1318,PO501,KASAMRITA HERBAL+ZUCAMO FOAM,,,,,
1319,PO502,VITA EX GOLD PLUS FOAM BANNER,,,,,
1320,PO506,"MAHABHRINGRAJ TEL,STICKER",,,,,
1321,PO507,ASAV ARISHTA SCHEME BOOKLET,,,,,
1322,PO508,BAIDYANATH (SURAKTA+MAHABHRINGARAJ) POSTER,,,,,
1323,PO509,ROOMA OIL+RHEUMARTHO  WITH GUGUL) POSTER,,,,,
1324,PO510,KANT SUDHARAK BATI POSTER,,,,,
1325,PO511,KANT SUDHARAK DANGLER,,,,,
1326,PO512,MAHANARAYAN TEL STEAKER,,,,,
1327,PO513,VITA EX GOLD STEAKER,,,,,
1328,PO514,KASAMRIT + ZUCAMO TOKERS,,,,,
1329,PO515,MAHABHRINGRAJ TEL TOKERS,,,,,
1330,PO516,RHEUMARTHO GOLD BOBLER,,,,,
1331,PO517,PANCHASAV BOBLER,,,,,
1332,PO518,HONEY BOBLER,,,,,
1333,PO519,MAHANARAYAN TEL BOBLER,,,,,
1334,PO521,KABJAHAR + GAISANTAK BATI TOKERS,,,,,
1335,PO522,HONEY TOKERS,,,,,
1336,PO523,SUNDRI SAKHI BOBLER,,,,,
1337,PO524,SUNDRISAKHI TOKERS,,,,,
1338,PO526,BAIDYANATH ASAVARISHT FOLDER,,,,,
1339,PO527, LAL TEL+JANMAGHUNTI POSTER,,,,,
1340,PO528,DARDNASHAK BALM POSTER,,,,,
1341,PO529,KASAMRITA HERBAL SCHEME POSTER,,,,,
1342,PO531,DASHMULARISHTA SPL. POSTER,,,,,
1343,PO532,SUNDARI SHAKHI FOAM BANNER,,,,,
1344,PO533,MAHABHRING RAJ FOAM BANNER,,,,,
1345,PO534,KASAMRITH FOAM BANNER,,,,,
1346,PO536,VITA EX GOLD PLUS TOKER,,,,,
1347,PO537,HONEY DANGLER,,,,,
1348,PO538,DANGLER VITA EX GOLD PLUS,,,,,
1349,PO539,MAHANAYARAN + RHEUMARTHO GOLD PLUS HINDI POSTER,,,,,
1350,PO540,MAHANARAYAN TEL + RHEUMARTHO GOLD FOAM BANNER,,,,,
1351,PO541,COTTON BAGS,,,,,
1352,PO542,POSTER-MUSLI+KONCH PAK,,,,,
1353,PO543,MALL TEL POSTER,,,,,
1354,PO544,DANGULAR-MUSLI PAK,,,,,
1355,PO545,CHYWANPRASH BOOKLET,,,,,
1356,PO546,FILE BAGS,,,,,
1357,PO547,SWARN GATITH PRICE LIST,,,,,
1358,PO548,PEMPLET RHUMA OIL + RHEUMARTH GOLD,,,,,
1359,PO549,SPECIAL ASAV SCHEME POSTER (BIG),,,,,
1360,PO551,BANNER GLUCON -D,,,,,
1361,PO552,MAHABHRINGRAJ TEL TOKERS,,,,,
1362,PO553,MUSLI PAK BOBLER,,,,,
1363,PO554,HAND BILL BAIDYANATH KESARIKALP NO.1,,,,,
1364,PO555,FLEX BOARD BACK-LIT,,,,,
1365,PO556,GULUCOSE STEKAR,,,,,
1366,PO558,PANCHASAVA PUMPLET,,,,,
1367,PO559,AMLAPITTANTAK POSTER,,,,,
1368,PO560,FREE HEALTH CAMP. PUMPLET,,,,,
1369,PO561,"ASHOKARISHT SPL. + DUSMULARISHT,POSTER",,,,,
1370,PO563,SWASTH MAA AUR BACHA BOOKLET,,,,,
1371,PO564,SUNDARI SAKHI BOOKLET,,,,,
1372,PO565,MEDOHAR POSTER,,,,,
1373,PO566,PATHREENA POSTER,,,,,
1374,PO587,KABJAHAR BOBLER,,,,,
1375,PO589,SWRAN SHAKTI POSTER,,,,,
1376,PO590,ARTHO+VATRINA POSTER,,,,,
1377,PO591,BALAMRIT POSTER,,,,,
1378,PO592,BAIDYANATH PRODUCT FOLDER,,,,,
1379,PO593,ALL PURPOSE CREAM STICKER,,,,,
1380,PO594,PUMA SHAMPOO STICKER,,,,,
1381,PO595,OTC PRODUCTS BROUCHER,,,,,
1382,PO596,MBT+SSAKHI+SURKTA POSTER,,,,,
1383,PO597,PANCHASAV+ASHOKA+DASMULA POSTER,,,,,
1384,PO598,BAIDYANATH PRODUCT MANUAL,,,,,
1385,PO599, MAHABHRANGARAJ TEL BOBLER,,,,,
1386,PO600,ASHOKA+DASMOOLA+PANCHASAV FOAM BANNER,,,,,
1387,PO601,RHEUMARTH GOLD PLUS + ROOMA OIL FORM BANNER,,,,,
1388,PO602,BAIDYANATH - SHANKHPUSHI FORM BANNER,,,,,
1389,PO603,ZUCAMO + KASAMRITA SYRUP DANGLER,,,,,
1390,PO604,KESHRI KALP+CHY+SFCHY (POSTER BIG),,,,,
1391,PO605,ARJUNARISHTA+ASHOK SP+DUMOOLARISH SP,,,,,
1392,PO606,GAISTANTAK BATI BOBLER,,,,,
1393,PO609,VIRYA SHODHAN BATI CARD,,,,,
1394,PO610,GUDICHI GHAN BATI CARD,,,,,
1395,PO611,KABJAHAR URDU BANNER,,,,,
1396,PO612,KABJAHAR PUNJABI BANNER,,,,,
1397,PO613,KABJAHAR GUJRATI BANNER,,,,,
1398,PO614,VITA EX GOLD URDU BANNER,,,,,
1399,PO615,VITA EX GOLD PUNJABI BANNER,,,,,
1400,PO616,VITA EX GOLD GUJRATI BANNER,,,,,
1401,PO618,KESARIKALP URDU FOAM BANNER,,,,,
1402,PO618,KESARIKALP URDU FOAM BANNER,,,,,
1403,PO619,KESARIKALP GUJRATI FOAM BANNER,,,,,
1404,PO619,KESARIKALP GUJRATI FOAM BANNER,,,,,
1405,PO620,AMLA & ALOVERA JUICE POSTER,,,,,
1406,PO621,BAIDYANATH PRODUCT CATALOGUE,,,,,
1407,PO625,BOBLER VITA EX GOLD PLUS,,,,,
1408,PO631,"SURAKTA ,BOBLER",,,,,
1409,PO632,FOAM BANNER URDU VITA EX GOLD PLUS,,,,,
1410,PO633,FOAM BANNER PUNJABI VITA EX GOLD PLUS,,,,,
1411,PO634,FOAM BANNER GUJRATI VITA EX GOLD PLUS,,,,,
1412,PO640,FLEX BANNER JUICE (6'X2') FT.,,,,,
1413,PO646,POSTER SHARBAT,,,,,
1414,PO647,PAMPHLET(A4 SIZE)FREE HEALTH CAMP,,,,,
1415,ST0062,ORDER BOOK MAIN LINE & OTC,,,,,
1416,ST4305,ORDER BOOK OTC,,,,,
1417,ST4306,ORDER BOOK JPS (ETHICAL),,,,,
1418,ST4307,ORDER BOOK MAIN LINE,,,,,
1419,ST4308,DAILY REPORT OF I.S.R/D.S.R.,,,,,
1420,ST4309,DAILY REPORT(D.S.R.) OF S.P.S,,,,,
1421,ST4310,DAILY REPORT (D.S.R.) OF S.R. BOOK MAIN/OTC LINE,,,,,
1422,ST4311,DAILY REPORT(D.S.R.) OF JPS ETHICAL,,,,,
1423,ST4313,WEEKLY REPORT DUPLICATE,,,,,
1424,ST4314,TOWN REPORT DUPLICATE,,,,,
1425,ST4315,TOUR REPORT,,,,,
1426,ST4316,YATRA BHATA T.A. BILL PAD,,,,,
1427,ST4317,ORDER BOOK MAIN LINE,,,,,
